﻿,id,comment_text,reply_count,digg_count,creat_time
0,6809500570614513672,解决台湾问题不能再迟疑,0,3836,1585460402
1,6809602763643813900,"美国宙斯盾舰在台海构成的“反导墙""，以及美航母潜艇和军机的介入，会使我们武力收复台湾遇到不小的困难。无庸讳言，我们的许多战机、导弹会被击落击毁，我们的一些战舰也会被击伤击沉，我们的很多官兵会在战斗中英勇牺
牲，但这一切都无法阻挡我军收复国
土。被新一代中国军人的鲜血染红的旗帜必将飘扬在宝岛的上空！",0,14,1585484196
2,6809537218609561613,美国商业立国，信奉的是不试试怎么知道行不行呢，中国海军搞了几十年也可试试，不试试怎么知道行不行呢。以美军为假想敌，试试就试试。,1,1465,1585468934
3,6809588815519744000,是时候展现我们国防，部队的强大了，一味的忍让换不来祖国的统一，请武力收复台湾，我们理解，并会供上自己绵薄之力！,0,49,1585480948
4,6809501336422842371,"中国应拿出具体措施和行动，对挑衅的美国舰机以入侵应对，或逼停扣押，或火炮激光驱离，或导弹击落击沉。不打疼它，美狗还是会狂吠的。
美国的种种作为是对中华民族的挑战和打压，以其人之道还治其人之身。只有铁拳才能让美帝退缩和敬畏。
不能对美国抱任何希望，它不会良心发现，也不会稍微收敛。因为强盗和无赖是不讲人性和道义的！",3,457,1585460582
5,6809585228076974091,所以，对美国这样的国家不必有任何仁慈,0,11,1585480114
6,6809499313241112590,‘’当地时间3月4日下午（北京时间3月5日清晨），美国国会众议院以415票赞成、0票反对的压倒性票数通过所谓的台北法案。‘’看好了不是个别人，也不是少部分人。,1,404,1585460109
7,6809566805611446287,解决问题的办法很简单，就是好好地打一仗，打完了再说。要不然整天是这样也没办法安心谋发展。,0,230,1585475823
8,6809546256655269900,要么卧胆尝薪，要么鱼死网破！,1,825,1585471041
9,6809554580263731200,"美国国会众议院以415票赞成、0票反对的压倒性票数通过所谓的台北法案。 不存在友好人士，只关乎国家命运",0,977,1585472977
10,6809513241128599552,"美国国会众议院以415票赞成、0票反对的压倒性票数通过所谓的台北法案。
 说明我们和美国是结构性矛盾，是事实上的敌对关系，在美国找不到所谓友好人士，总统、政党轮换都改变不了这种敌对关系。落井下石是一种斗争手段，何况对敌人，无关道德！",5,1295,1585463353
11,6809553548540723200,全国人民都要备战了，广积粮，深挖洞，多储备军事物资，美国要过来动手打仗的前期试探。,0,582,1585472737
12,6809563535925198859,美国就是世界和平最不稳定的因素，全球最大的恐怖组织！,0,216,1585475063
13,6809571223828185101,只有解放台湾才能彻底扫清一切阻碍,0,217,1585476851
14,6809517765016649743,与其晚摊牌不如早摊牌。,0,129,1585464406
15,6809525279015862279,还不启动《反分裂国家法》吗,0,6,1585466155
16,6809517299411238923,既然不愿意用武力，也应该以彼之道还施彼身，中国向世界宣布，一国两制台湾省年底顺利回归，解放路驻台湾部队成立！,0,31,1585464299
17,6809546554379878407,皮痒了就打，谁怕谁,0,394,1585471108
18,6809578523414560768,中国再不下手，将坐失良机,0,116,1585478552
19,6809565096483225600,全国人民都要备战了，广积粮，深挖洞，多储备军事物资，美国要过来动手打仗的前期试探。,0,175,1585475426
20,6809601207062528000,小不忍则乱大谋、深思,0,8,1585483833
21,6809543634707660800,伟大的祖国，也给美国刬根红线，天空飞越红线击落，海上越红线击沉，看他还敢来,2,3308,1585470429
22,6809554085629624332,他们这时候就是要挑起战争,0,257,1585472863
23,6809530281901785091,是时候像打长江上的英国军舰一样，打一下了。打完了就都好解决了。,0,3020,1585467321
24,6809542160636624899,美国对中国的频频军事挑衅，醉翁之意不在酒——以局部武装冲突为由强行侵占中国持有的美债。中国当务之急是要出台《反战争法》——强行侵占我国在国外合法金融资产者视同对我国公开宣战！,3,2098,1585470087
25,6809550787158229000,美军舰上有新冠，打下来,0,148,1585472094
26,6809546146144059400,小心不要上当，它正想借湾湾的问题开战，发动战争是它的本性,9,592,1585471014
27,6809554233647071239,早点解决台湾问题，省得这些人来恶心自己,0,339,1585472896
28,6809525650144591875,不见得忍一时能风平浪静，也不见得退一步能海阔天空，美国和台湾已将得寸进尺发挥到极致！以牙还牙才是王道！,1,325,1585466243
29,6809494766707916808,在台湾问题上和美国摊牌是不可避免的，要做好斗争准备！,1,2260,1585459050
30,6809521853275832331,以斗争求和平，则和平立；以退让求和平，则和平亡。,0,127,1585465359
31,6809504881376985091,美国人死到临头还不停的扰乱世界和平，并小看了大中华各民族团结的力量，统一台湾的决心，。,0,416,1585461407
32,6809506449908203527,"不废除《台北法案》并道歉
就没有支援美国医疗物资的条件！",1,490,1585461770
33,6809515702786113539,美舰，机从海峡每过一次，大陆舰，机就航线就向台岛方向位移十公里，用不了多少次，就慢慢登上台湾岛。,0,32,1585463926
34,6809511425494024196,对台工作应我方掌握主动，打与不打时间由我们定，而不是等美国踩不踩红线。那样的话踩与不踩完全由米国把握时间和机会，我们完全被动。,1,439,1585462931
35,6809514049933082628,根本不用刻意应对美国，某月某日以迅雷不及掩耳之势拿下台湾美国一切对中国计划自然泡汤，也是最好的四两拨千斤。,1,222,1585463543
36,6809509787097923598,台湾是中国不可分割的一部份，美舰、机进入台湾台峡，说明美军已进入我国领海、领空、领地，事态严重到极限，应警醒必采取措施。,1,978,1585462547
37,6809519627132698624,人善被人欺。想想抗美援朝一战获得的尊严。台湾这个疮也早该割了。为此我想国人都愿出人出力出资。虽然和平来之不易，尊严亦可贵，主权更不容轻视,1,174,1585464840
38,6809523422415355904,两强相遇勇者胜，委屈不能求全。,0,6,1585465723
39,6809512605096017924,美国是我统一大业的最大障碍。我们必须继续大力发展“反介入”和“区域拒止”武器系统，大力发展超声速中远程武器攻击系统，坚决挫败任何域外敌人，试图干涉我国统一祖国的图谋。,0,390,1585463207
40,6809520991690113032,"底线触碰的越紧美中擦枪走火可能性就越大,美国因为台湾和我国发生战争我们情愿不先解放台湾也要不惜一战,就像当年郑成功解放台湾康熙不勿扰还后撤一百里,美国进入我国军事防区发生擦火希望台湾以大局为重…………。",0,14,1585465156
41,6809518691144253448,兩军相逢勇者胜，中美之间不是东风压倒西风，就是西风压倒东风。别再幻想双赢。,1,49,1585464621
42,6809522083979591688,毫不留情，狠狠打击！灭他威风，扬我正气！,0,22,1585465411
43,6809512948596916232,回头看，建国初期的抗美援朝是多么伟大与英明，仁义换不来尊重，退宿换不来同情，唯有14亿中华儿女攥成一个拳头👊，砸向美利坚，才是唯一选择。,0,156,1585463284
44,6809519025325490179,我们现在就宣布世界各国在台湾人员一律撤离，我们在台湾海峡进大规模军事演习或会伤亡，最迟不得超过三天，如有违反后果自负，游弋在台湾海峡的各种船只立即撤离演习海域，不愿撤离者后果自负。,0,4,1585464701
45,6809522983708213248,"台湾问题中国可以有序推进正面出击，
1.
2.
3
计划着来5年内统一台湾
不要美台出招，中国接招",0,16,1585465621
46,6809513144445812751,"退让换不来尊重，
反击方显国威！",0,351,1585463331
47,6809515375467184142,在台湾海峡随时举行实弹演习，请过往船只注意！演习时间地点不定！,1,9,1585463849
48,6809502167943086083,展现中国军队智慧的时刻到了。,0,1418,1585460775
49,6809501993502146560,美对我国的打压，阻止我们的发展是无需怀疑的，不要妄想美经过一次疫情就改变，也不要对其抱任何幻想。当前及以后一段时间，“台湾牌”是其能打的一张大牌之一。基于人道主义支持一点是可以的。欧洲、伊朗、,0,196,1585460734
50,6809515256256282632,战场上得不到的东西，谈判桌上永远得不到，朝鲜战争就是最好的证明，行动吧，准备战斗。！,0,71,1585463821
51,6809499523003039758,我们也可以立法，把台湾整个海，空都纳入法律和防空细别区。,0,326,1585460158
52,6809516173853212672,美国已经停止行动60天，对美国军队的挑衅坚决予以还击，应该毫不客气地予以击沉。如果美军胆敢带疫出动，那就连同航母一起击沉，陪挑衅舰下海沉醉吧！,0,135,1585464036
53,6809498436007149572,我们应派海警船亚距抵近。,0,9,1585459907
54,6809504726670442496,台湾问题涉及中国命运，象一把锋利无比的刀，扎在国人的心上，要想解决，必须全力以赴全民皆兵，不惜一切代价争取统一！,0,280,1585461370
55,6809524339805847560,"唉!台湾问题不尽早尽快军事解决，将来会是越来越难!
强大的中国，强大的军事，强大的经济，台湾是中国的一部分，什么时候才能实现?",0,131,1585465935
56,6809504200201076740,十倍量配氢弹及东风41压阵，北斗纵观全局，海陆空围岛打援，火箭炮洗地台湾每寸军事目标、红旗反导系统护纵深护国，武统切底能决台湾问题,0,62,1585461248
57,6809524665858473991,美舰擅自穿越台湾海峡，我军应坚决予以击沉，决不能放过。,0,69,1585466011
58,6809510313449979911,"越是战略退撤，美国越是得寸进尺！喂不饱的野心狼！时刻做好准备！打击来犯之敌！解决让他有来无回！
大不了一锅熟！吃美国氢弹吃，提前让他们去见他们的上帝。",0,11,1585462670
59,6809516482046099456,威屈求全换不来尊重和安全，只有敢于亮剑才能令狼群消退。,0,10,1585464107
60,6809524637282615304,打才能解决领土问题，这是世界几千年的定律。,0,90,1585466005
61,6809513374209474567,美国已没有任何阻挡中国前进的办法了，只好拿出最后一招“台湾”问题来干挠阻挠。不过不要忘了中国人民不信邪、不惧霸，为了祖国统一而不惜一切！,0,59,1585463383
62,6809523925358903304,先收回金门，看看对方有何能耐,0,41,1585465839
63,6809515221640609807,步步紧逼，不能再一昧退守，台湾问题越托越不利，要拿出抗美援朝时的勇敢，亮剑精神，打他老母！,0,30,1585463813
64,6809518629383028736,可以提前解放台湾做准备，2020应该是最佳时机。,0,74,1585464607
65,6809499519597297667,美国肢解中国的前奏，对美国保持警惕是每个中国人的责任。,0,378,1585460159
66,6809517916669624334,划台湾海峡为军事识别区！进入的美国舰船击沉！,0,260,1585464440
67,6809519555724574734,415：0是个危险的性号，证明美国在对华问题上绝对是意见统一的。,0,52,1585464822
68,6809517833241280526,当断不断必有后患，考验中国军队的时刻到了，希望能抓住这千载难逢之机，一举解放台湾。,0,10,1585464421
69,6809516493479477248,现在是统一台湾最佳时机，美航母都回美躲病毒，请尽快收复台湾。,0,45,1585464110
70,6809533488933896200,不战而屈人之兵别人会当你懦夫。将它击沉。,0,62,1585468066
71,6809510937704710144,一战解百扰。,0,100,1585462816
72,6809522544535011336,丢掉幻想，准备战斗！武统台湾，千载良机！,0,12,1585465518
73,6809523615965642759,只有战争，换来尊重。,0,23,1585465767
74,6809522506870308868,既然得了肿瘤就及早切除，不管是恶性还是良性的，留着总是坏处，不时的疼一下，长痛不如短痛。,0,9,1585465511
75,6809517538578513924,必须向台美和世界公告：从现在开始，任何美军、美国武器在台湾着陆，中国就即时发动武力统一行动！,0,33,1585464354
76,6809517819164770315,对台进行海、空封所，围困台湾，迫使其被统一。,0,40,1585464420
77,6809504813055852552,解决台湾问题的千载难逢的良机已经到来！！！！！！！！,0,18,1585461390
78,6809521412987453444,邱毅教授说：台湾问题，最后可能以武统开始，以和统完成。,0,39,1585465257
79,6809515302653575183,一再退让换不来尊重，唯有反击方显我大国威严！,0,56,1585463832
