﻿,id,comment_text,reply_count,digg_count,creat_time
0,6808819521651474444,坚决反对,37,1138,1585301834
1,6808803314155782152,特朗普一边主动打电话向中国示好，寻求合作，一边又出台所谓“台北法案“，粗暴干涉中国内政。不得不让人怀疑合作的诚意，是否只是权宜之计？,6,5015,1585298059
2,6808803371282120717,坚决强烈反对并抵制美国通过谓“2019年台北法案”！不允许任何人干扰中国内政问题！💪💪💪,0,1824,1585298072
3,6808812642451603469,应该启动《反分裂国家法》，一劳永逸解决台湾。,0,1309,1585300231
4,6808803189895757827,拿下台湾省，让“台北方案”作废！,0,1993,1585298032
5,6808803010115125255,合则两利，斗则俱伤，互惠互利，中国加油[玫瑰][玫瑰][玫瑰][玫瑰][玫瑰][玫瑰][玫瑰][玫瑰][玫瑰][玫瑰][玫瑰][玫瑰][玫瑰][玫瑰][玫瑰][玫瑰][玫瑰][玫瑰][玫瑰][玫瑰][玫瑰][玫瑰][玫瑰][玫瑰][玫瑰][玫瑰][玫瑰][玫瑰],0,752,1585297989
6,6808803477972844559,中美的问题，就是台湾问题，中国要实现真正的强大，首先要解决台湾的统一，而且刻不容缓，没有时间了。,0,1406,1585298098
7,6808802819337158664,天上夜蝙蝠，地下特朗普，一个特别毒，一个不靠谱！,0,1480,1585297944
8,6808807475895762959,美方干涉中国内政，插手台湾省事务，中方应该启动《反分裂国家法》,0,592,1585299029
9,6808803068063449096,加速两岸统一,0,580,1585298001
10,6808803354442612736,等待恰当的时机，一举收复台湾。,0,311,1585298070
11,6808803511501864973,感觉，美国还是先解决疫情吧。[抠鼻],0,238,1585298105
12,6808803728154918923,类似外交事件都属于断交行为、战争行为。,0,237,1585298157
13,6808808661650243595,一个字，打！两个字，猛打！多个字，连同美国一起打！！历史长河，中华儿女怕过谁！！,1,288,1585299306
14,6808809223900758028,美方干涉中国内政，插手台湾省事务，中方应该启动《反分裂国家法》,0,154,1585299436
15,6808805024048218126,对美国肆意粗暴干涉我国内政的行径必须坚决反击！我们不要对美国抱有丝毫幻想，对美国的弱处和痛处该出手时就出手，让美国付出应有的代价。,0,168,1585298457
16,6808805296237641732,树欲静而风不止，有美国在就不会有台海平静，我们必须选择直面美国，解决台湾！,0,129,1585298523
17,6808803106969714703,终于有：“反击”两字！赞！,1,199,1585298012
18,6808806383086747660,一方面总统通电话，一方面通过台北法案，充分暴露了美国两面派本性，所以我们要保持清醒头脑，以中国的两手对美国的两手。,0,134,1585298776
19,6808803997147987983,我们敦促美方纠正错误，不得实施该法，不得阻挠各国同中国发展关系，否则必将遭到中方的坚决反击。,0,54,1585298219
20,6808803052062130183,这毫无道理，是赤裸裸的霸权主义逻辑。我们敦促美方纠正错误，不得实施该法，不得阻挠各国同中国发展关系，否则必将遭到中方的坚决反击。,0,77,1585297998
21,6808808803182706702,立即启动《反分裂国家法》，开启祖国完全统一进程～～～,0,98,1585299337
22,6808803247684796430,冷静，他们只是想转移视线。。咱们外交部应该直接回怼：努力防疫，别转移视线，会死人的,0,124,1585298044
23,6808803328534331396,美国一向喜欢制造一个问题以此来转移现在存在的问题,0,77,1585298065
24,6808806810749845515,别指望美国能对中国友好、它骨子里面就把中国视为敌人、东郭和狼、农夫与蛇会一直上演！[抠鼻],0,154,1585298874
25,6808806783495569421,美方通过的台北法案，就是一部赤裸裸干涉中国内政的霸权法案，它不会使台湾更安全也不会让美国更伟大，它只能将台湾推入万劫不复的深渊，也必然更加坚定中华民族完全统一的决心。,0,60,1585298867
26,6808813716428324878,中美关系已经走到了尽头，是到了全面准备应战的时候了，实力才是硬道理。,0,77,1585300481
27,6808803119896739853,我们敦促美方纠正错误，不得实施该法，不得阻挠各国同中国发展关系，否则必将遭到中方的坚决反击。,0,45,1585298014
28,6808805517356646407,我们永远不要听美国怎么说的，只看美国怎么做的！对于言而无信、言而无行者，只能说毫无道德品质之言，不可交也！,0,44,1585298572
29,6808803166990221327,强烈抗议坚决反对,0,56,1585298025
30,6808805642619420672,最后一句，坚决反击。绝对支持！,0,26,1585298601
31,6808813458868420620,既然美国摆在台面破坏中华民族的国家统一，那么；我们不需要顾忌什么了！,0,56,1585300422
32,6808810007653007364,美方干涉中国内政，插手台湾省事务，中方应该启动《反分裂国家法》,0,60,1585299619
33,6808803834623098880,美国阴谋多端，人前背后言行不一，太坏了,0,54,1585298181
34,6808811010947366923,不要相信美国人的任何保证！我们做好自己的事情，该反击就要反击，他们是出尔反尔惯了！,0,49,1585299853
35,6808809752534220814,建议我们通过阿拉斯加法案，积极支持阿拉斯加重回俄罗斯怀抱,0,52,1585299558
36,6808803261534339076,台湾问题，一切都在中方掌握之中,0,39,1585298049
37,6808805898132406275,我本人通过了“2019年华盛顿纽约方案”，正式宣布中华人民共和国美利坚省成为我国最大省份[呲牙][呲牙][呲牙][呲牙][呲牙],0,33,1585298662
38,6808805367896604687,美国在狂人川普的带领下，到处插手别国的内政，到头来一定是搬起石头砸自己的脚！,0,28,1585298538
39,6808808061953196044,强烈反击，坚决制裁，不惜任何代价，硬刚！,0,42,1585299166
40,6808805863198457869,美国一边跟中国谈合作，一边明目张胆的挑衅中国，而且他们的霸权行为从来就没有纠正过。我们核心利益的底线不容改变，支持、拥护坚决反击！,0,45,1585298653
41,6808813570521497615,加速两岸统一美方干涉中国内政，插手台湾省事务，中方应该启动《反分裂国家法》,0,40,1585300448
42,6808805029592891407,加快祖国统一实现中华民族伟大复兴,0,39,1585298459
43,6808813431698505742,永远别想着能够跟美国人做知心朋友，狼子野心世人皆知。,0,40,1585300415
44,6808803733250981895,美国一直把我们当第三世界看待，那会有什么尊重？反而很多时候中国做的太好了，他们更加以为好欺负。,0,131,1585298156
45,6808804793394757646,甩锅不成又想干涉我们，你们自己事情管好了吗？咸吃萝卜淡操心,0,26,1585298403
46,6808827432402468879,狭路相逢勇者胜，我们一定要必胜的信心和勇于反抗的勇气，就算自己死也一定要让美国死，绝不能瞻前顾后。,0,12,1585303675
47,6808827366358794248,（三十一）在中国，兄弟共患难易，同富贵难。其实，不止在中国如此，其它国家亦如此，这都是人的本性所致。  @道哥有药,0,1,1585303659
48,6808834213018943492,武统台湾，希望在有生之年可以看到台湾回归祖国的怀抱,0,18,1585305255
49,6809229931999232000,台湾是我们的圣神领土，对于美国任何的举动不可理采它，台湾问题我们该打就打，,0,1,1585397389
50,6808827364248715264,我村“2019年华盛顿法案”将于下月起执行，并将从2021年起将华盛顿划入我村管辖范围。,0,7,1585303659
51,6808831781177966600,从福建沿海向台湾以东水域发射东风导弹演习！,0,8,1585304686
52,6808832626674647055,对等吧,0,3,1585304885
53,6808827054512209920,中美的问题，就是台湾问题，中国要实现真正的强大，首先要解决台湾的统一，而且刻不容缓，没有时间了。👍👍👍,0,6,1585303587
54,6808823148344688655,真是辛苦几位外交部发言人了，天天跟着一个无赖磨嘴皮子，真是需要很大的耐心！[赞],0,11,1585302678
55,6808911498723737600,是解决国家统一的时机了，各家各户都在忙瘟疫，引不起打群架，量美国不会和我们死拚。,0,6,1585323248
