﻿,id,comment_text,reply_count,digg_count,creat_time
0,1596301411690504,是因为特朗普也看厉害了我的国？,1,22,1522351658
1,1596258442672132,对通用汽车、福特汽车、苹果手机、波音飞机、耐克阿迪、麦当劳、好莱坞全面制裁加收关税。,11,136,1522310679
2,1596727310592003,我就是看看有没有明白人能夠把制裁的原因说清楚。,2,49,1522757827
3,1596516267081748,美国政府最终目的是阻止中国快速发展势头，保持美国第一的世界霸权。,4,62,1522556560
4,1596261305919492,美国就是想打断2025中国智造的进度，制裁的几乎全是中国重点发展项目，用心险恶,1,83,1522313410
5,1596316114432008,大家都争点气，别没事买进口的，出去旅游，都买国货，在国内旅游，人多力量大，美国和其他国家联合起来打压制裁都不怕。,2,45,1522365679
6,1596281133246477,中国这回决不能惯老美[发怒][发怒],2,82,1522332319
7,1596283955337229,13亿人跟2亿多人绝交。我们的损失应该小很多。,3,28,1522335010
8,1596791373220867,别替美国算账了，既然它制裁中国我们肯定对是经过很多专家论证过的。还是多算算我们自己吧，受了多少损失，怎么保护我国的经济建设。,4,5,1522818921
9,1596357117024324,爱国货，弃美货，十三亿中国人民团结起来，共御外敌。,3,59,1522404782
10,1596729575677006,美国的目标不是中国，而是欧洲,2,6,1522759987
11,1596825858593885,项庄舞剑意在沛公,1,6,1522851809
12,1596721643598941,小美的转基因大豆才破坏中中午国安全，别 贼喊捉贼。.,2,7,1522752422
13,1596444410861581,3亿人治踩14亿人，胜负一定，霉国倒霉。,1,19,1522488032
14,1596282172868612,一个老头和一个年轻人打架。结果可想而知。,4,15,1522333310
15,1596719836327940,关键是人民币挑战美元了,1,7,1522750698
16,1596277326424173,明明是打击中国发展。,1,40,1522328688
17,1596279096526919,两万四千亩多大,4,3,1522330376
18,1596295125867527,全民抵制美货！！！！,2,20,1522345663
19,1596278057687063,钢材不卖给他，全都不卖给他,2,14,1522329386
20,1596788670093316,当年抵制日货的时候，我就告诫大家，背后真正的主谋是美国，应该去抵制美货，不要去抵制日货。发现很多网友看问题只看表面,2,3,1522816343
21,1596727290471491,美国在赌他的小弟不会背叛他,1,4,1522757807
22,1596270742973448,劳春燕漂亮,5,20,1522322410
23,1596804611527688,流氓最怕的就是，霸道中有抱不平的出现，当今世界格局中，中美就是如此。当今的俄罗斯是世界小霸王，是个经改造过的较懂礼貌的霸王，但仍是个不怕死的霸王，流氓也没办法，只能拉些过了气的曾经也流氓过的喽啰一同壮胆，隔着高墙，站在外边叫几声，我这个盟，那个约的，等等。不怕你北熊，尔等不想和你打架便是了，随后，只能低声一句，真滴还不敢和你打，熊真狠啊！。,0,4,1522831546
24,1596332146913284,中国制造2025，中华民族伟大复兴势不可挡，中国龙腾飞而起。,1,26,1522380969
25,1596691303111687,我们损失了多少就业岗位？，我现在就失业了,1,2,1522723487
26,1596737367520328,中国空间站也要对美国收税  就叫个  “上天税”,1,7,1522767418
27,1596695488052231,多修高铁，房子。可以大量关停中小钢厂，政府成立房地产开发公司，成立公司，以租售的方式提供 给刚需,1,1,1522727478
28,1596281351121923,中国人最勤劳,1,21,1522332526
29,1596272553895943,贸易战的目的，遏制中国人民的发展，特别是2025年制造业全面升级，丢掉幻想，准备战斗。,0,54,1522324137
30,1596322817016845,来呀，互相伤害,1,3,1522372071
31,1596274017116167,我们就是在美国的封锁下成长起来的，历史证明，越是封锁遏制，中国越是强大……,0,67,1522325532
32,1596267986964487,特朗普很厉害，商人的外表下竟藏着战略家的智商。不过他也只能是遏制，不能阻止中国的发展。,0,60,1522319781
33,1596272933498894,美国进来的东西全部增加关税，抵制肯德基，可口可乐，沃尔玛等等不去消费。,0,51,1522324499
34,1596282932543502,别操老美的冤枉心，想想自己怎么应对吧!,0,35,1522334035
35,1596691179800583,禁止产自美国的大豆和大豆制品，理由直接为威胁国民健康安全,0,17,1522723369
36,1596310678659085,中国还有很长路要走！但时间是中国的！加强对科学家的待遇…………,0,33,1522360495
37,1596441570344967,霉帝，世界上最无耻的国度！,0,22,1522485323
38,1596546062699652,美国是全球老大，但是他害怕变成老二！！！！,0,22,1522584975
39,1596786693256206,增加关税不为也是个好事，这样更能激发更多的中国自主创新和中国自造，中国只会更加强大。,0,7,1522814458
40,1596433299942404,这才是他们的真实目地。于果这一目地达不到的话，台湾牌才是最后的手段，我们毕需做好军事准备，武力解决台湾才是正道没有别的。,0,19,1522477436
41,1596555421016067,美国要闭关锁国那就让他们锁嘛，他给我们增加多少关税，我们就给他们增多少关税。他们越想封锁🔒我们，我们发展越快。这就是中华民族的个性。,0,16,1522593900
42,1596270572059725,美国🇺🇸政府请记住，种瓜得瓜，种豆得豆，种下仇恨自己遭殃，培植内需才是王道，吸血鬼吸不到血狂了。,0,60,1522322247
43,1596281510488072,中国就应该反击[发怒][发怒][发怒][发怒][发怒],0,28,1522332678
44,1596738471413764,坚决抵制美国转基因大豆,0,10,1522768470
45,1596825810567172,支持中国科研人员，只有国家强大，才能不让亲人和母亲受罪,0,3,1522851763
46,1596711691905027,美帝永远是我们中国人最大的敌人！,0,9,1522742931
47,1596827510224900,你美国国门打开，我要去,0,2,1522853384
48,1596679771636749,抵制苹果在华销售，对国家网络安全不利，国民们国产不比苹果差。:,0,10,1522712490
49,1596680600129539,加我们的官税，还想要我们的稀土等资源，可能吗？,0,12,1522713280
50,1596357163600910,美国打贸易战，就是怎么能抑制住中国的经济发展，我们中国也必须以牙还牙。,0,20,1522404827
51,1596664457841677,来而不往非礼也，就应该这样如果美国不向我们道歉就一直下去,0,11,1522697885
52,1596286333392904,美国害怕了中国智造2025,0,17,1522337278
53,1596675507786759,美国向来都是阳奉阴违，对美国反制。大家欢迎。,0,10,1522708423
54,1596818244239379,两万四千亩  这不是地主级别了,0,3,1522844548
55,1596703472354308,美国目的是搅乱中国经济，拖慢中国发展。,0,3,1522735093
56,1596324391121927,不要美国第一，要全世界人民过上和平的日子才是第一。,0,15,1522373573
57,1596315820935172,美国害怕了,0,11,1522365399
58,1596668760503309,美打贸易战，是自废武功！使美国加速进一步分裂，美利坚会像苏联一样散架子熄火！,0,5,1522701989
59,1596824718071815,见议停止与美国任何贸易，谁更需要谁，比硬,0,1,1522850722
60,1596768764928013,美国在做世界大战做准备，世界各国小心！,0,3,1522797360
61,1596607241317379,既然美国挑起了贸易战，那么中国也应该应战。美国限制华为手机进入美国市场，中国也应该对等限制苹果手机进入中国市场。,0,0,1522643319
62,1596322975659015,我替美国人有这样的总统感到耻辱,0,17,1522372223
63,1596546520866836,美国就是想打断2025中国智造的进度，制裁的几乎全是中国重点发展项目，用心险恶。现在不是中国打不打贸易战，是如何打的问题。,0,1,1522585412
64,1596283997193219,中国光脚不怕穿鞋的，和美国拼命就行,0,8,1522335050
65,1596679881437187,他目的很明确，提升本国怨气～搅乱世界～发动世界大战！,0,8,1522712595
66,1596750541649928,有竞争才有进步、有压破才有反抗、时刻准备着、我们不光准备好贸易战、未来战争我们已经准备好了、未来还是属于我们的。,0,4,1522779981
67,1596727927024654,美国着急从叙利亚撤军，现在是贸易战，后是军事威胁，我的国顶住。,0,5,1522758414
68,1596272031670285,哈哈哈！我才是真正的高手。,0,13,1522323639
69,1596658428871684,特朗普与梅婆欲在叙利亚与俄罗斯怼干，担心中国支持俄罗斯，借贸易战使中国无暇顾及中东。,0,5,1522692136
70,1596826146104391,坚决不要美国大豆,0,1,1522852083
71,1596716459307011,崔翁之意不在酒，咱们还看不到，静等吧！给老美说一句今非昔比不服就试试,0,7,1522747478
72,1596288786616324,怎么不报道一下国内的钢铁行业？[我想静静][打脸],0,17,1522339617
73,1596646027493390,支持美国各州独立,0,6,1522680309
74,1596316026528781,这会不会是日本的1991年。大神出来指导一下，看看怎么发财,0,0,1522365595
75,1596790617157651,美帝亡我亡心不死。,0,2,1522818200
76,1596777029142536,美国人真憨,0,1,1522805242
77,1596727484001287,不卖美国东西,0,6,1522757992
78,1596719069318148,欲加之罪，何患无辞。这就是美国的流氓逻辑。,0,3,1522749967
79,1596727513078798,不买美国东西,0,1,1522758020
