﻿,id,comment_text,reply_count,digg_count,creat_time
0,1596050840852493,把这些里通外国，造谣的全给封了！,12,2620,1522112695
1,1596060638524430,这个时侯扰乱军心人心，严打不赦！,0,0,1522122038
2,1596054329572355,战争都不怕，还怕什幺贸易战，搞笑！,0,0,1522116022
3,1596050576550919,应该打击这些美分营销号,0,0,1522112443
4,1596056545780749,在国家大是大非面前，这些个网络大V，是不是该治治了呢？,0,0,1522118135
5,1596057252518995,这种人就应该封杀,0,0,1522118809
6,1596053304220701,相信就要肯定会止于智者,0,0,1522115044
7,1596050284070935,大敌当前，媚敌乱己者当诛,1,1604,1522112164
8,1596088081821703,美国人的把戏。,0,2,1522148210
9,1596050264823816,应该把那几个公众号封了！,2,1268,1522112145
10,1596054623111181,谈判和保持沟通顺畅是必须的，中美贸易总是在冷一下之后热更长的时间，特朗普必须要对参选承诺作出动作，然后继续做生意。,1,1,1522116302
11,1596053702702088,国家正在研究第二轮和第三轮贸易战的加税领域，其中包括波音和芯片等。虽然贸易战对双方利益都有损伤，但是要知道这是美国挑起的，从道义上美国是不地道的，国家会也有能力跟美国死磕下去的，也可以趁这次机会打压美国经济的霸权地位。,0,0,1522115424
12,1596062979788808,贸易是你愿意买，我愿意卖。你也有好处，我也有好处，才能成交。美国要买东西说明了两个问题，一是美国有需求又不会生产；二是中国愿意卖给你。你不是救济中国，是中国在卖给你产品。你很喜欢这些产品，这些产品卖的便宜。美国要增加关税，20%不够就40%，50%我也支持。因为不赚钱的话我不会卖给你。,0,2,1522124271
13,1596050350265351,网奸太多，应该打击一下了,1,916,1522112227
14,1596050592878605,西方国家每封锁制裁一次中国中国都像浴火重生的凤凰一样充满正能量，我们工业门类齐全，自然资源相对充分，并且拥有一个世界级别的巨大市场，……怕你什么！贸易战？还是军事对抗？该来的总会来，只要有足够的定力任尔东南西北风(❁´◡`❁)*✲ﾟ*,0,7,1522112458
15,1596073295990788,为什么假信息都是从微信里发出来的,2,89,1522134110
16,1596143414259720,严惩这些造谣者，,1,5,1522200980
17,1596056956877832,妖言惑众、造谣生非者一律封杀！,0,32,1522118527
18,1596068786223111,应该把那几个公众号封了！大敌当前，媚敌乱己者当乱棍打死。,1,2,1522129809
19,1596091797369923,谣言止于智者！,1,3,1522151754
20,1596061481824270,大敌当前，有造 谣生事者格杀无论。,1,526,1522122843
21,1596058028113927,[大笑][大笑][大笑][大笑],0,12,1522119549
22,1596052006880275,调查一下,0,740,1522113807
23,1596073830937604,这些营销号就如抗战时期的“汉奸”一样，我们一定要坚决“锄奸”！,0,140,1522134620
24,1596099511909383,必须严查严惩,1,34,1522159111
25,1596050839360531,封了这些谣言惑众的网号。,2,85,1522112693
26,1596051684962318,美国打心理战,1,3,1522113500
27,1596051548169229,贸易战从来都不是目的，只是手段，稍有逻辑思维能力的人都能看出来,1,0,1522113369
28,1596058031504408,现在的朋友圈，我是不相信！垃圾信息太多，而且有些没大脑的人还很喜欢转发，以为自己很有见地和学问，其实呢？屁都不是！,0,6,1522119552
29,1596067121713165,对这些网站查封，他们发布这些虚假信息，意在提高自己的知名度，赚点点击量，实际毁了中国人民的自信心、自尊心，涣散人们斗志，可恨至极，应追究他们的法律责任，严惩不怠。,0,6,1522128221
30,1596050616840228,这是敌人的心理战，大家要有定力。,0,84,1522112481
31,1596055823314967,严惩国内这几家营销号，是不是受美国指使，拿了美国钱？这不只是没骨气，简直是汉奸,0,6,1522117446
32,1596051646915587,那些人不是蠢就是坏,1,72,1522113463
33,1596097666787331,是时候了，应该封杀一些网奸,0,42,1522157351
34,1596055357674499,现在的自媒体也喜欢造谣,1,157,1522117002
35,1596050527226887,这种网络营销号应该彻底关停，所在平台也严查，追究责任,0,32,1522112396
36,1596098097599495,乱我中华者，杀无赦,0,39,1522157762
37,1596074380344323,把造谣者全部抓起来,0,33,1522135144
38,1596058965873678,严惩专为国外服务的营销号！,0,52,1522120443
39,1596054983833607,狗汉奸,0,1,1522116646
40,1596050235659272,做好自己，静待花开，何惧美狗！,0,138,1522112117
41,1596054896646158,很多营销号毫无良知，蛊惑人心，运营者必须付出足够的代价！,0,24,1522116563
42,1596083071837188,有些人唯恐天下不乱，封了那些谣言惑众的网号，永远不许他们在网上发声。,0,24,1522143433
43,1596050385655812,应该全力以赴，做好准备，迎接美国发起的对中国的关税打击，与美帝决一死战，奉陪到底。,0,12,1522112261
44,1596050864980999,不是批判者的格局太小，而是批判者的站位，立场问题。,0,6,1522112718
45,1596053646517251,中国的态度很明确，我们不想打贸易战，但我们也不惧怕打贸易战，来而不往非礼也。[呲牙],0,36,1522115370
46,1596057029225480,看来美国的媒体人一样的标题党。,0,105,1522118596
47,1596056217870340,乱我民心者诛,0,14,1522117823
48,1596074926361608,造谣就拘留,0,8,1522135664
49,1596070405738509,古时战争妖言惑众扰乱军心其罪当诛,0,5,1522131353
50,1596054249323523,总有一些不良分子，想借任何机会搅祸水！想破坏安定统一的局面，想分裂人心！大家要引起警惕和注意！,0,8,1522115945
51,1596051695478787,严惩造谣惑众和胡乱传播者,0,211,1522113510
52,1596050274362382,这种败类杀了，都不解恨,0,10,1522112154
53,1596068986378254,造谣惑众号彻底的封杀，以免误导读者和国人。,0,3,1522130000
54,1596053161055240,做人要硬气！来而不往非礼也！,0,26,1522114907
55,1596053872415747,坚持原则，别听一些狗嗷嗷乱叫。,0,44,1522115586
56,1596084175732750,动摇军心者，斩！,0,15,1522144485
57,1596050716277764,现在这种无下限的营销号，应该举报，大量微信传播的都是这类捏造事实的文章！,0,17,1522112576
58,1596051752044558,捉起来轻判个死刑[奋斗],0,53,1522113564
59,1596055685052423,严惩这些吃里扒外的家伙,0,2,1522117314
60,1596084298743827,里通外国，祸乱军心者当严惩不贷,0,18,1522144603
61,1596059362147332,是在扰乱视听，造谣惑众的一种手段，敌方的消息都信，我就不说啥了……,0,0,1522120821
62,1596051443521539,不信谣，不传谣,0,61,1522113269
63,1596051663589390,啃着人家隔着太平洋丢过来的几根骨头，有些狗，毕竟还是出来吠两声，让那边的主子知道自己在做着事情的嘛,0,0,1522113479
64,1596151808872461,贸易战也是一种战争，何况是美国人发起的。唱衰中国的人都是外国敌对势力，和那些国内的败类。我们应该相信国家权威的报道，不轻信，不转发那些来历不明的信息。,0,5,1522208985
65,1596072407694349,坚决封杀汉奸、民族败类营销号,0,8,1522133262
66,1596070084391943,调查清楚这些营销号的底细！具体由些什么人操作！妖言惑众！判有胡徒刑十年！,0,6,1522131047
67,1596062574074884,说的好。,0,1,1522123884
68,1596072193082382,美🐶造谣必须封杀这些营销号,0,7,1522133058
69,1596076556073991,这些网络营销号就是新时代的汉奸，媚敌乱己，必须严惩。,0,8,1522137219
70,1596218268578819,他们动机不纯，,0,0,1522272366
71,1596618517909524,追究刑事责任,0,1,1522654074
72,1596062951939075,吃里扒外的东西该杀！,0,5,1522124245
73,1596067036235789,查处野鸡号,0,3,1522128140
74,1596055073334279,传播虚假信息者.必然受到严惩，[抠鼻],0,2,1522116731
75,1596074777748551,别有用心的造谣！,0,6,1522135523
76,1596051880059911,最可恶的就是这种标题党！为了博关注无国无家无节操无下限！可比之汉奸走狗,0,1,1522113686
77,1596064233336899,我不造谣，也不传谣！我谁都不信！,0,0,1522125467
78,1596064042655758,用心险恶,0,0,1522125285
79,1596071089638413,不管最后结果怎样，建议国民都要接受，团结就是力量，只有我们真正的团结起来了，才能让对手不敢轻举妄动。中国才从全国大团结的氛围中走过来，很多人还记得当年中国人民战天斗地的大气魄。,0,4,1522132005
