﻿,id,comment_text,reply_count,digg_count,creat_time
0,6805815091347685390,放弃幻想，时刻备战。,0,1999,1584602309
1,6805563799509532672,维护祖国统一 绝不容忍他人践踏！,0,1250,1584543801
2,6805809711569928206,早曰解放台湾，不能放纵台湾在外游荡。使外部势力拉来拉去。,0,994,1584601056
3,6805560139312791567,好机会来了，打败美国，收回台湾。一打就要恨恨地打，只可胜利不可失败，打赢再算数，把钱全部赚回来。,1,1085,1584542949
4,6805541818097811467,人不犯我我不犯人。人若犯我我心犯人,0,2167,1584538684
5,6805555866344194048,人不犯我，我不犯人，人若犯我，我必犯人！犯我中华者，让他终生后悔！,0,967,1584541954
6,6805550343779647492,朋友来了有好酒，敌人来了有猎枪。,0,995,1584540669
7,6805549538687500299,我们要注意到美国两院在投票时的风向，一边倒的反华。这是美国国家利益与中华民族伟大复兴的碰撞，不要天真的以为美国人会收手。还是那句话，贸易讲平等，外交凭实力，军事不怕斗。,0,1334,1584540481
8,6805556609965047820,支持中国在南海全方位建立识别区，南海海域，全是中国主权领土，,0,510,1584542128
9,6805554525173432334,维护祖国统一 绝不容忍他人践踏,0,349,1584541641
10,6805552735732711431,敌人来了有东风迎接你们,0,189,1584541224
11,6805560264906407944,打得一拳开，免得百拳来！打！下决心打！打得台湾没有还手机会，打得美军在亚洲和大平珜军事基地全部摧毁！,0,402,1584542978
12,6805554491392524302,这个建议考虑的太周到了，既顾全了大局又减少了损失，赞[赞],0,206,1584541633
13,6805570249120055309,美国国会通过所谓的 “台北法案”，在国际面前，充其量就是废纸一张：自古以来，台湾就是中国不可分割的一部分的主权在我们中国。,0,238,1584545302
14,6805909062551715852,当以雷霆之势收复台湾，美国必不敢战，一则祖国统一成事实，二则美国名誉扫地，加速从神坛跌落，一石二鸟之计[耶],0,193,1584624189
15,1661516485344263,犯我中华，虽远必诛。东风快递，使命必达！,0,130,1584545598
16,6805555691596808203,不是不报日子未到,0,91,1584541914
17,6805848884481785869,从现在开始先对蔡婆娘及当局进行打压，有条件的省市要准备一部份公租房，让台湾省统派和爱国人员暂住特别是福建省市多准备些公用房，做好对台防务驻军编制，把配合解放军的台军加入编制，方案要告知台军，让爱国台军有思想准备，对空海通道对外公佈严管，对台爱国同胞可在大使馆办记进入大陆，通知台湾同胞都要办大陆和台湾通用身份证，也要准备好学校，幼儿园，让过来的儿童有保障，一经公布发出，蔡婆娘及当局就知道后悔了。,0,182,1584610177
18,6805807091358384136,公开声明，把导弹，火炮瞄准台海周边，军机军舰全天候侍候台湾。,0,119,1584600446
19,6805818043013775375,犯我中华者，虽远必诛！,0,89,1584602998
20,6805929779359973383,维护祖国统一 绝不容忍他人践踏！,0,77,1584629011
21,6805788404823982087,军民团结如一人，试看天下谁能敌。拿出成吉思汉的勇气来。,0,102,1584596095
22,6805864988587507720,中国不必对美国讲道理，讲规则，讲什么国际条例，因为美国不知信义，道理何物，美国可以出尔反尔，制造事端，诡计多端。,0,84,1584613926
23,6805821167598338055,美国虽然强大，但也不是不能战胜，抗美援朝的胜利就是最好的例子，那时的军力.经济等各方面都比美帝差多了。,0,94,1584603724
24,6805811713309540352,狭路相逢勇者胜，我的大中国必要时要有亮剑精神。,0,80,1584601523
25,6805930015818612748,台湾问题的解决宜早不宜晚，越往后拖，困难会越大。,0,104,1584629069
26,6805781798372212740,人不犯我，我不犯人，人若犯我，我必犯人，一切反动派，都是纸老虎。,0,68,1584594560
27,6805828393931096068,如必须战一定要打到美国本土。,0,63,1584605409
28,6805926566800556044,如果美国再想发动战争，必须把战火引入美国，不再让它存侥幸心理。,0,76,1584628265
29,6805554584087068685,我们要注意到美国两院在投票时的风向，一边倒的反华。这是美国国家利益与中华民族伟大复兴的碰撞，不要天真的以为美国人会收手。还是那句话，贸易讲平等，外交凭实力，军事不怕斗。,0,68,1584541655
30,6805869787085029391,首先将侵入南海的美舰击沉，立我国威,0,71,1584615044
31,6805826594205679629,中国继续加快军事农业发展，成为军事强国，口粮自足。外来强敌必败。,0,54,1584604987
32,6805823955527270415,国家有需要我一定上战场，坚决不怕流血牺牲！今日之中国是不可欺凌的伟大的中国！,0,64,1584604374
33,6805905707515707392,中国兴旺美国衰退，中美矛盾必然。战争极度可能。,0,52,1584623408
34,6805809946249199620,世界真理人不犯我我以不犯别人，美国是个无理可讲的国家我们只一个理斗到底的决心一定要解放宝鳥台湾,0,47,1584601113
35,6805763227583250432,一统台湾，我辈之责。,1,51,1584590234
36,6805827997674455055,对待当世界，中国需示强，台湾是示强之地，合理合法，准备着随时开战。,0,45,1584605315
37,6805727876005150724,中国可研究出点对点钻地空导弹，专打航母，十棵导弹打一个点，航母几分钱就可以把它打穿,0,38,1584582005
38,6805883953061888000,抗美援朝时中国人民军队打出了几十年的和平，那时还是小米加步枪。现在中国的科技大大堤升，国防力量大大强大再打美帝国打出几百年的和平！,0,65,1584618343
39,6805950975782748171,搞乱了世界，美国才能渔翁得利。中国要团结所有的爱好，和平的国家。让美国无利可得。维护世界和平。是人类的共同福祉。,0,47,1584633950
40,6805908436594245632,是到了选择时机解放台湾省的时候了,0,55,1584624043
41,6805779934720753664,迟早中美终归有一站，只是时机未到,0,28,1584594124
42,6805906878267850756,对美和台当局决不能有善念，只有用武才是王道。,0,49,1584623681
43,6805862050351284231,维护祖国统一 绝不容忍他人践踏！,0,50,1584613242
44,6805894536351924224,面对现实，积极备战，敢于亮剑，狭路相逢勇者胜！,0,44,1584620807
45,6805773088644038656,中国的猎枪有神眼。,0,28,1584592531
46,6805928612521721863,人不犯我，我不犯人，人若犯我，我必犯人！犯我中华者，让他终生后悔！ 朋友来了有好酒，敌人来了有猎枪。天佑我中华，谁胆敢犯我！,0,29,1584628740
47,6805679843008135171,人不犯我，我不犯人，人若犯我，我必犯人！犯我中华者，让他终生后悔！,0,28,1584570827
48,6805861903379349508,敌人永远不会成为朋友 狼子野心世人皆知 该是备战的时候了,0,32,1584613210
49,6805851527631470605,先发几个东风快递到台湾海峡,1,19,1584610793
50,6805832490243850255,一场抗美援朝战争美国老实了六十年，如果美国插手台湾问题，再和美国打一场战仗，它又会老实六十年。,0,32,1584606362
51,6805920079034204171,打架法则:先下手为强后下手遭殃,0,42,1584626755
52,6805681025541210112,对台湾问题远痛不如近痛.越拖越不利.,0,29,1584571098
53,6805811178154655756,台湾问题，应近快解决。长痛不如短痛。武统代价很大，但久拖不决，损失更大。打下来的，要比谈下来的。踏实，可靠。,0,333,1584601401
54,6808038738061459456,收复回来，它再指手划脚，,0,2,1585120043
55,6805803036075081731,中国和美国就好似两个邻居家的孩子一起成长，长得胖点的经常有事无事都要欺负下瘦点的那个，瘦点的有次忍无可忍，本着不是你死就是我亡的心态，比敌人还要拼命的去打一场，之后胖点的见到瘦的都要点头哈腰的叫声“老大”！,0,87,1584599505
56,6806017655800217600,不管他，他们想挑寻，别上了他们的当，我自己的想法，现在不是解放台湾的时候，台湾现在就像叛逆的孩子，找回来，也没用，他也是不听话，管他干啥，顺其自然吧。,0,12,1584649488
57,6805830908139028480,在这个特殊时期，我能不能弱弱的问一句，这是不是怕我们中国一跃成为全球第一大国。现在无论通讯，医疗，还是交通，美国已经不再遥遥领先，甚至被祖国反超。先是通过石油遏制俄罗斯，再通过台湾问题压制中国。貌似想挑起战争来维护其所谓的世界霸主地位！,0,11,1584605992
58,6805571472535765005,畏战怯战，则敌人气焰嚣张。敢战备战，则敌人退却胆寒,1,883,1584545587
59,6805746366145560588,对台湾问题，不可再拖了，待美台继承事实后如何统一祖国？分裂祖国的责任、罪恶谁来担当？老祖宗说的好，凡事久拖不决必得后患无穷，我们的祖国当家人该与台美摊牌了，中华民族不惜一切也要统一祖国，台湾问题一解决，南海就会安稳，邻国就不会胆大妄为了，否则，我国的发展永无宁日。,0,27,1584586309
60,6805919029552267279,路见不平一声吼，该出手时就出手,0,37,1584626510
61,6805546236990210048,打得一拳开，免得百拳来！打！下决心打！打得台湾没有还手机会，打得美军在亚洲和大平珜军事基地全部摧毁！,0,786,1584539712
62,6805834347020271616,要战便战。,0,18,1584606794
63,6805816501250064391,台湾问题是中国前进和发展的重大疾病，必须尽快医治，否则，后患无穷！老一辈没解决，我们这一代一定下决心：医治。否则，中国不会太平，安稳下去！,0,54,1584602637
64,6805941975985176576,是敌是友，猎枪和美酒。,0,10,1584631852
65,6805829819020951566,美国早就把当年的《中美联合公报》丢进了垃圾桶去了。他怎么会不插手台湾问题呢？除非中国能把美国也打残了，他才会去垃圾桶中找回《中美联合公报》复习的。,0,18,1584605738
66,6805790318282375179,晚痛不如早痛，免得节外生枝，等到羽毛丰满时，就要花比现在更大的代价，所以说早早收拾，才是硬道理，早日实现祖国统一。,0,90,1584596543
67,6805851472044490752,美国现在是百招似无招了，就象一只狼想要咬狮子找不到下口的地方，睡狮也睡醒精神抖擞，曾经欧州战争狂人就说过让那头狮子继续睡不要去打扰他。,0,10,1584610781
68,6805850247593000960,好朋友好伙伴来了，热力欢迎，上酒上菜，豺狼虎豹来了，中国人民绝对打击，属于中国领土分寸不让，任何时候和任何人都阻挡不了中国的伟大复兴之路[加油][加油][加油][给力][给力][给力],0,12,1584610496
69,6805970567980646407,敢上这次役情，就当役情延长了些日子，动手吧！多好的机会，M国又要大选，收复台湾！各战区最高级别备战！[发怒][发怒],0,25,1584638510
70,6805793431370137607,解决台湾问题时机到了，拖延不得，越拖越绿，越拖越独，最好以迅雷不及掩耳之势速战速决！,0,47,1584597266
71,6805936952760975372,打出去，一样万众齐心，不跟它打大极了，大不了全国苦两年，省一日之事，免百日之优，一个字，干，，，，，,0,29,1584630684
72,6805576792440012814,对付美国最好的办法借鉴两个国家，一是俄罗斯，告诉他我会揍你👊！二是阿富汗，告诉你他别以为你有多强大，谁也不输你！,0,45,1584546826
73,6805804392702033933,晚打，不如早打。夜长梦多，统一！统一！国必一统。,0,68,1584599818
74,6805910742169157632,中国不必再讲道理了:只有军事行动才是硬道理:,0,31,1584624579
75,6805929000305868807,拿出大国的气魄，敢于亮剑。,0,49,1584628830
76,6805887809825292302,什么美帝航母编队，如若束犯，显我中华国威，击沉它，,0,28,1584619240
77,6805837027717382144,打的一拳开，免的百拳来，犯我中华者，让他终生后悔！,0,19,1584607418
78,6805792851511853064,美国向来是说一套做一套，他不管什么三个公报等原则。别再上他了当了。中国一定要拿出自已的主见来才行。,0,53,1584597131
79,6805830463904120847,非法霸道干涉中国内政那就一较高下不惜一战敢于亮剑方能止战,0,27,1584605890
