﻿,id,comment_text,reply_count,digg_count,creat_time
0,6809032245933015047,特朗普:表面我要跟中国合作，暗地里我要干掉中国！,4,4602,1585351361
1,6808901793595310080,对美国必须时刻保持警惕！,4,3391,1585320989
2,6809035803105869824,美国此举犹如将台湾列为它的一个州，国人要警醒，及时采取有效措施，防止美帝的侵略。,0,2650,1585352192
3,6808906450199379981,"世界上只有一个中国，台湾是中国不可分割的一部分。
世界上只有一个中国，台湾是中国不可分割的一部分。
世界上只有一个中国，台湾是中国不可分割的一部分。
世界上只有一个中国，台湾是中国不可分割的一部分。
世界上只有一个中国，台湾是中国不可分割的一部分。",0,2007,1585322072
4,6809094678605578243,美国现在众叛亲离，焦头烂额，我们要警惕美国军事冒险，借台湾牌转移视线，因此我们要扎实准备，早日解放台湾。,2,2390,1585365900
5,6809090235079901198,现在是战略机遇窗口，不要错过,0,1738,1585364863
6,6809104561014652928,希望国家、个人一律以《台湾省》说、读、写台湾。,2,1198,1585368199
7,6809095456959315968,世界的不稳定全是美国带来的！中国人民有信心，有能力捍卫,0,885,1585366080
8,6809104720323002372,我们必须保持警惕，不管美国阴谋或阳谋，我们必须做好在台湾问题上的摊牌，丢掉幻想，掌握主动权，做好长期和美国斗智斗勇的准备，用实力说话。这是美国的人的做人准则！,1,533,1585368238
9,6809109483361828876,我建议我们做好两个准备，第一大力建设军工基础和战略储备，第二做好迎接爱国台胞的转移安置，当台湾省内只剩下台独分子时，我们可以随时开战,0,917,1585369346
10,6809101074612895756,跟美国不能讲道理，美国本身就是不讲理，只有用拳头回答把它打趴下去打怕了它才能够敬佩你。,0,660,1585367389
11,6809098848691519495,已经签署，既定事实。我们必须高度警惕，实战练兵，时刻准备着！,0,390,1585366869
12,6809104198098124800,美国总体实力不容小觑！加强军工科技发展。原子弹准备好！,0,329,1585368115
13,6809106879940804622,我们不欺负任何一个弱小的朋友，但也不惧怕任何一个强大的敌人！对朋友我们要象春风一般的温暖，对敌人我们必须像秋风一样残酷无情！,1,294,1585368738
14,6809104968290222094,应当发表、当初对海牙领海栽判一样的声明...不承认、不理会！,0,220,1585368293
15,6809107524562829327,美国以中国为敌对国不是一朝半日的事情了，只有中国强大了才是对美国最好的反击，美国的衰退已成定局，不用多久当世界各国觉醒之时，美国的嚣张自然熄灭，原因简单得很，善有善报，恶有恶报，只是时间暂时未到。,0,193,1585368889
16,6809105859445751808,敌人反对的，我们就拥护。我们可以卖伊朗武器，支援反美的国家。你踩我底线，我也还你，明，暗两手做。,0,326,1585368502
17,6809099897032343567,其实现在的时机也是不错的,0,220,1585367113
18,6809101531644706830,狼永远是狼，对狼不能有任何幻想，千万不要重蹈东郭先生的后尘。,0,215,1585367493
19,6809102950435733516,美国就是想打击所有的世界第二，不择手段。放弃幻想，准备战斗吧！所有的亲美分子该清理的，都提前统计好，一旦有战事，把他们全部置于管辖之中，免得对人民造成难以弥补的伤害。,0,222,1585367826
20,6809107278583644171,破釜沉舟，打烂旧世界，一切回归原生态,0,148,1585368832
21,6809101845609857035,尽快地统一台湾，一切杂音就自然消失。,0,313,1585367568
22,6809101878673309699,打:只有用战争才能解决台湾问题，收复后还能收获历年来售台的先进武器，且不是两全齐美，不然话后无穷。,0,189,1585367576
23,6809100231507099652,在此国际环境纷繁复杂之际 是到了该玩两把大的时候了,0,106,1585367192
24,6809100495459221511,任何人，任何国家胆敢阻碍国家的统一，我国将毫不犹豫使用一切武装力量给与毫不留情的打击,0,139,1585367252
25,6809102510498906120,特朗普:表面我要跟中国合作，暗地里我要干掉中国！,0,91,1585367721
26,6809107063470997519,维护中美关系，只是我中国在做，老美却一直在破坏,1,129,1585368782
27,6809098083549511695,世界上只有一个中国，世界上只有一个中国，世界上只有一个中国！重要的事情说三遍！勿谓言之不预也,0,49,1585366691
28,6809105780911276043,我们是否也要发表个“印第安人问题”白皮书,0,72,1585368484
29,6809099743630032900,只为反制“它”,0,33,1585367079
30,6809099781618171908,世界上的事有时看似坏事，可能会变成好事，它会逼着,0,30,1585367088
31,6809100602220707851,看看这就是美国的真面目，他根本无所谓疫情，只要对我们不利的，就是他支持的，这就是美国的国家利益，我们也要有我们的国家利益，那就是下定决心，排除万难，不怕牺牲，争取全国统一！,0,73,1585367278
32,6809106543188459520,5700万老兵为了祖国领土完成我们准备扛抢吧，我这个长沙老兵时刻准备上战场。,0,88,1585368661
33,6809094881315733508,战就完事了。战出一个赫赫声威，战出一个盛世太平。让一帮霄霄畏惧,0,84,1585365946
34,6809096930594324492,台湾目前情况只有武力统一，如果再过些年，中国世界第一后可以和平统一了,0,37,1585366424
35,6809099887934980111,特朗普:表面我要跟中国合作，暗地里我要干掉中国！,0,29,1585367111
36,6809121938204868619,中国越说为了长远，求和平，求发展，美国就越敢变本加厉，所以必有一战。中国可以也必须要打一场局部战争，比如解放台湾，只需把战争控制在可控范围内即可。我们的两艘航母战斗群把台湾东侧外海封锁住，二炮航母杀手把外援的航母群封在远海。加之北极熊再在中东方向有所配合，此役不仅能实现祖国统一，还将再赢得几十年的和平发展，也必将国运昌盛，盛世繁华。,1,53,1585372246
37,6809116398413938703,已经被逼到墙角了，退无可退，只有奋起一搏，解放台湾，完成祖国统一大业！,0,58,1585370955
38,6809113461441134600,在本土作战有着强大的战略支援。战争确定是我们胜并收回台湾。但是。美军也会支持台湾，但美军打不持久战，如果战一个星期以内结束我们是全胜如果战争打了一个以上。那么就要付出巨大的代价。因为我们是本土作战。沿海一带将拖入战争中，沿海将成废虚。美军人员和各种舰只有来无回。但它的弹药也会打完。二败之局,0,4,1585370271
39,6809113253403967503,在台湾问题上中美对抗是持久的，一直要持续到中国有能力武力解决的那一刻，所以所谓的明争暗斗在所难免，不必去太过渲染。卧薪尝胆百二秦关终属楚，既然美国不敢太触碰中国的底线就说明他也有所忌讳，坚持舆论渲染的同时增强我们的国力才是根本。,0,11,1585370223
40,6809125247812943872,在台湾问题上，不要过高地希望你对台湾和美国如何如何的好，就能以和平的方式解决！都七八十年了，到目前还是难以解决。厚望应该有，现实跟美好的出发好象离得太远！跟台湾和美国干脆就一是一，二是二，你越对他们好，他们越拿对你！正本清源，把大陆搞得强强的，收复台湾就会容易的多！,0,36,1585373016
41,6809119609086935040,台湾收回来了。国家的国防更加巩固了，到时候国家防御的海防线向外海推至一千公里之多。可以说到那时南海，宫古，冲绳海疆都可以掌控。南海至太平洋海口赌死，谁来南海闹事揍谁，可关门打狗！往北包围日本揍他谁能可救！往东太平洋战场又可向外海推至两千公里的战场！谁能撼动我中华人民共和囝政治文化和经济中心地带。请求国家怏怏武统台湾。中国有钱出钱。有力出力。为中华民族的统一作出贡献！,0,5,1585371703
42,6809091516846981135,美国就是想打击所有的世界第二，不择手段。放弃幻想，准备战斗吧！所有的亲美分子该清理的，都提前统计好，一旦有战事，把他们全部置于管辖之中，免得对人民造成难以弥补的伤害。,0,472,1585365163
43,6809121145896747021,农夫和蛇的故事，警醒世人,0,16,1585372060
44,6809130249805611016,希望国家、个人一律以《台湾省》说、读、写台湾。,0,20,1585374179
45,6809114725486854147,美国为了维护世界霸权地位，什么事情都可以做出来。任何道理对美国都没有用，只有发展和壮大我们自己，才是硬道理。相比前十几年，我们对美国的霸权行为就硬气多了。所以，只有加快发展，增强国力，这忍气吞声的时代很快就要结束！,0,9,1585370567
46,6809100326332186627,看到了吧。这就是世界霸主。没有真正平等。只有民富国强才能谈平等。,0,7,1585367214
47,6809121226439999492,不知道美国各州啥时候也闹个独立？那必将是道美丽的风景线。,0,18,1585372081
48,6809120327617560583,原来只是打打擦边球，这次是要准备挑战14亿中国人民维护祖国完全统一的决心啊！朋友来了有美酒，豺狼来了有猎枪，美国军舰到达高雄港口的那刻就是解放军解放台湾之时[酷拽][酷拽][酷拽],0,8,1585371869
49,6809128620805668871,一方面要坚决穷台、困台；另一方面要断然粉碎美国妄图用几句廉价的花言巧语，骗取中国抗疫物资的卑劣伎俩，同时要提高警惕美国采取军事冒险。,0,16,1585373800
50,6809121249055506447,要是美国完全掌控台湾、驻军台湾，中国将万劫不复。所以留给我们的时间不多了，解放台湾宜早不宜迟。,0,45,1585372085
51,6809118961419108360,择日不如撞日，现在就收复台湾。正当时。,0,50,1585371551
52,6809115393962704907,解决台湾问题不能再了，越晚困难越多，呼吁早曰解放台湾。,0,55,1585370723
53,6809123602572247040,长痛不如短痛，与其受制于人，不如破釜沉舟，打下台湾，以免美国随时讹诈中国,0,29,1585372633
54,6809132610107752459,美国从来就不是我们的友好国家，美国不与中间作对就没有存在感，不与中国作对就不会获取自己的利益。记住:狼的本性永远不会变成狗。,0,23,1585374731
55,6809132377949421582,台湾回归计划。似定时间表。特工一千名内部瓦解。培养当地特工控制各个军事要塞。里应外合。陆海空进入。解放台湾省。,0,5,1585374675
56,6809097005148422156,对待美国这种流氓国家就不能讲道理讲江湖道义，要礼尚往来，以牙还牙，也整个‘加州法案’关照一下！,0,152,1585366442
57,6809121671846019087,告诉台湾愿意统一的，回归大陆的同包即日躲散。以免伤着无辜。定出三个时间解放台湾。制造台紧张。我们用哪一个时解放台湾。这是机密。,0,16,1585372184
58,6809118208608747524,必须当机立断，武力完成祖国统一，少留遗患，彻底断绝一切反动势力的幻想。,0,32,1585371378
59,6809128228889001999,对美帝无须那么多话，直接解放台湾，明年五一相约爬阿里山日月潭游泳。,0,29,1585373710
60,6809118527883575307,美国在世界格局中，认为对自己不利的时候，他就会撕毁协议退出三个公报。妄图驻军台湾和拉拢越南。部署萨德导弹。,0,14,1585371452
61,6809115331148398592,美国用侵犯中国主权干涉中国内政的事实告诉中国：美中两国，是仇敌！,0,34,1585370707
62,6809133688131993607,也许某一天，我们还在熟睡而早晨醒来就听到了台湾解放的声音。,0,22,1585374980
63,6809130656292388872,找准机会，像克里米亚一样，少说话,0,16,1585374274
64,6809116522301603854,美国此举犹如将台湾列为它的一个州，国人要警醒，及时采取有效措施，防止美帝的侵略。,0,27,1585370983
65,6809120296726560768,"不要再等了,赿等赿独,我愿扛枪上前线,2002年退伍兵",0,16,1585371863
66,6809111751171735565,丢掉幻想，准备战斗。,0,26,1585369872
67,6809123640785944579,一个口罩也不要给敌人。提高警惕，准备战斗。,0,12,1585372642
68,6809125980289253389,美国就像以前，侵略印第安人的聚居地，那样粗暴。我们能一呼百应战胜疫境，也能一呼百应打赢USA收回台,0,15,1585373185
69,6809124384528285711,美国疫情状况严重糟糕，是时候出手解决台海问题了，战略机遇可遇不可求,0,18,1585372815
70,6809126486277898253,先下手為強，后下手被动，先打,0,27,1585373303
71,6809113644061425671,适度烈度的战争能成为和平的催化剂,0,24,1585370313
72,6809116793673285647,放弃幻想，准备战斗。全国人民都会支持的。打仗我捐三个月工资。保证,0,12,1585371048
73,6809131653827543044,声明是必然的，军队的备战是必须的，台湾统一是一定的，并且要加快！,0,17,1585374508
74,6809116450587262991,台北法案又给菜当局又一颗无影稻草。台湾是中国的心病，一日不收，难以稳日。,0,18,1585370967
75,6809115713396817935,特朗普：我们美国才是世界上最强大的恐怖组织！,0,11,1585370796
76,6809111671106666508,台湾问题必须据理力争，两岸统一势在必行,0,18,1585369856
77,6809126128192667661,就算隐忍是中华民族的美德，但是当断不断，必遭其乱。,0,10,1585373220
78,6809121619018711054,现在国内很多芯片需要台积电代工，荷兰已同意出售先进光刻机给中芯科技，等我们能自产芯片时，台湾就没有一点利用价值了，到那时就是火箭炮飞向台湾的时候…,0,4,1585372170
79,6809113599576506376,我们要制订出相应的台海法案，以便声明后采取措施！,0,14,1585370303
