﻿,id,comment_text,reply_count,digg_count,creat_time
0,1623225314369703,"基本认同作者的分析。
从态势上看，美攻我守，二者需要的力量不同，我方只要能够守住，就是胜利✌。
能够守住的基础在于：中国广大的市场，继续深化改革开放的政策，过去几十年发展取得的工业、军事实力。",1,65,1548028292
1,1623190085463053,不能把祖国的未来发展依托在中美贸易之上，放弃这种幻想，为了祖国的未来，只要祖国愿意，我们的人民愿意勒紧裤腰带过几年艰苦日子。,5,134,1547994695
2,1623212482843651,就象抗美援朝战争一样，美国在拥有绝对优势装备的情况下经过几次较量最终还是止步在三八线，回到战前状态。就象文中所说“美国不赢就是输，中国不输就是赢。现在的情况也是同样比的就是看谁有耐力韧性。,0,52,1548016055
3,1623226841861124,贸易战只有把美国打成世界老三，世界才能消停。,1,13,1548029748
4,1623191258540072,放弃幻想，准备战斗。,0,39,1547995813
5,1623192012022788,国家应该加大和美国对抗的贸易战级别，将对美的贸易战上升到橙色标志，让美国知道中国不是好惹的，打痛特郎普，让特郎普坐回到谈判桌上来。这样中国以后就不惧怕任何国家的人了。,0,20,1547996532
6,1623205471740932,一战四年，经济战也是战。通常一场大战需要打四年，那时候要么分胜负，要么讲和，不会刚打就和，做好持久战的准备不吃亏。,0,33,1548009368
7,1623188506732548,中美贸易战必须坐在谈判桌上，不然两败俱伤,0,21,1547993189
8,1623222335516686,中美这场贸易战，中国能坚定站在一线，反对单边主义，抗击美国的霸凌，让世界认识中国，了解中国，本身就是胜利。中国在这次贸易战中的表现，实际作用已经超出了贸易战的意义。,0,13,1548025451
9,1623189791008771,安然地度过了“五次冲击”，展示的是一个民族的浩然气节。贸易战的发生，与中国的强大，有着某种内外的联系。,0,37,1547994414
10,1623228792181768,手捧刺猬玩，既扎手，又舍不得放下。慢慢陪特朗普玩吧。,0,5,1548031608
11,1623191564749128,打中谈，谈中打。累了，总会消停的！,0,21,1547996105
12,1623190558676152,斗，必须斗，且斗到底，不妥协，可以过一段苦日子，但不能过委屈的日子，更不能办体外损失体内补的事！,0,13,1547995146
13,1623190365885453,文章观点值得关注,0,13,1547994962
14,1623221408447495,美国特朗普不会认输，他还会出怪招，要时刻小心这个不靠谱的家伙。,0,14,1548024567
15,1623222575332365,笔者解析，切实透彻。,0,3,1548025679
16,1623225014690983,顺差是好事，瞎说，有那一国家不希望顺差，,0,2,1548028006
17,1623228363935747,这篇文章写得好，客观理性。有深度，值得一读,0,6,1548031200
18,1623192958587927,精辟，透彻，入骨三分，好评论多上点。,0,9,1547997435
19,1623227691723800,无论中美试图改变对方是不可能的，世界上都有尊重强者的传统，中美关系也不例外。只有迎难而上针锋相对！你要打就打，要谈就谈。,0,5,1548030559
20,1623226818253827,分析很透彻，见解很理性，结论很正确。同意转发。,0,5,1548029726
21,1623218211921934,减少国人负担，释放国内消费能力，扩大内需，降低对国际市场的依赖，缓解中外矛盾中外摩擦和冲突。:,1,8,1548021518
22,1623227633995784,美帝搬起石头砸自己脚，别帮他。,1,3,1548030504
23,1623197137940653,都是特朗普这是疯子做的,0,4,1548001420
24,1623227915214852,号召在美国购买了豪宅的中国人抛售豪宅,0,2,1548030772
25,1623226472879271,不同文化价值观的对抗,0,4,1548029396
26,1623216894789646,我们的应对策略是可行的，虽然我们付出代价，但也绝对扎到他的痛处，不然美那么大的一手牌，是不会主动和你谈和的！,0,3,1548020262
27,1623199631115277,"加拿大也在等待中国访美的成果，孟晚舟等待消息。
老特有信用，我就是利用你～中加都在计算中。",0,2,1548003798
28,1623227839939591,道德制高点！发声场景的培育。我们应该有此实力了！,0,1,1548030700
29,1623227031395332,美国不赢就是输，中国不输就是赢。这句话说的特别有理。以攻待守，以守待攻[赞][赞][赞],0,2,1548029929
30,1623226161086541,压力就是动力。心态平稳坚定信心，胜利一定属于中国人民的。,0,3,1548029099
31,1623197391432718,看看美国的失业率再说,0,6,1548001662
32,1623194889274382,保持冷静心态，全方位考视问题所在。阶段观点非常清醒，点到位。赞同！,0,1,1547999276
33,1623232956633096,贸易战只是中美矛盾凸显的一个分支，当然是个重要分支。解决此问题的根本途径是提升综合国力。贸易是国民经济发展的一个途径，对美贸易也只是一个侧面，对国民经济的发屋、也无多少份量，之所以那么重视中美贸易的重要性，主要是中美是当今诸多矛盾中的最最主要矛盾的一对对立矛盾统一体，处理一切问题最后绕不开中美的态度⋯美国是全方位的对中国进行合围，不仅仅是贸易⋯。目前在贸易问题、上拉锯战唯以有效，是与美方的目标不符，美方目标美国第一、美国优先，运达不到，所以才反反复复，今后将会继续下去，这是必然的。中国要和平崛起只能有节、有礼、有利的应付着，忍辱负重大气度不说挑战话，只要不动手我们也只动口应对⋯致力于提高军力，财力、人力、科技、经济⋯综合国力才是正确的、最后能解决一切问题根本办法,0,1,1548035580
34,1623236603806734,促帮助美帝发生颠覆性错误，是重要战略考量,0,0,1548039058
35,1623240542944260,美国以后谁当选总统不好说，就目前而言特朗普来说中美贸易停火是不可能的,0,0,1548042815
36,1623192006236487,中美对抗本质是意识形态的斗争。,4,75,1547996526
37,1623240926811300,放弃幻想，认真对待。,0,0,1548043181
38,1623236427770888,"从中方的角度看，中方自身己是世界上的经贸大国。经贸合作总额巨大。
针尖麦芒完全对抗不利于全局。
斗则双方皆无利非福。当前或较长远，合作仍远胜于对抗。",0,2,1548038890
39,1623232612499463,双方都清楚自己的经济实力，设谈判时间表就是陷阱，欧盟及盟友在一旁观察等着落井下石，贸易战很正常无须谈虎色变，已后会经常发生以致常态化。决策层应采取拖延政策变被动转主动，长期拖延利大于幣。,0,0,1548035252
40,1623258880435204,不是谁错，美国不会任许世界任何一个国家在高科技挑战美国，你可以中东阿拉伯一样有钱但不许触碰美国特产高科技，贸易战只是幌子，一切是为绕高科技，没有制造业成不了大国，放弃科研创新成不了强国！,0,1,1548060303
41,1623246871214093,要限制低端产品出口美国，取消出口退税，每年1000-2000多亿美元，出口商都是不赚钱，靠退税过日子，自己不赚钱，还给国家外贸增加负担,0,5,1548048850
42,1623249056594957,持久战，以战止战是中国的必胜法宝！,0,21,1548050934
43,1623233422826503,什么叫做90天停火协议,0,1,1548036024
44,1623254063327246,中美需要保持良好合作不仅是双方内在需要，更是双方战略利益最大化的唯一选择，要打破美方企图借政治经济施压中国达到类似苏联解体那样的不战而胜幻想！美国不遭遇迎头痛击是不会接受现实的，改变态度的。个人认为对中国成本最低的做法是在海空战中痛击日本。一则中美不会直接冲突，但可以警告美方，二则打掉台湾当局对美日驰援的幻想，不得不接受大陆的政治安排，三则打掉日本的野心，让其安分守己，接受东亚新秩序。在和日本的海空冲突，可以先通过轮战方式频繁折腾日本，让其疲敝，时机成熟可以断然出击！中国打掉日本的野心，收回台湾后和美国才可能和中国真正建立新型大国关系。,0,0,1548055709
45,1623265772235779,"观点：中美作出重大让步，不再打贸易战，但中国会有承诺……
理由：在全球华人节日前夕，不会有坏消息的，若没把握不会在这个节点淡判。",0,1,1548066875
46,1623232486883661,论持久战，暂时休息。,0,1,1548035132
47,1623241992152084,想战就战，来战便是，奉陪到底,0,0,1548044197
48,1623233475435688,唯有打赢！才有话语权机会和改变贸易规则。,0,1,1548036075
49,1623235275171844,坚决守着经济的三八线！,0,0,1548037791
50,1623241158516739,全球取消美国贸易，看它怎么立足。,0,0,1548043402
51,1623230918240259,韬光养晦很重要。水到渠成。,0,2,1548033636
52,1623242187517965,九个月的贸易战让头脑开始清醒，认同文中部份观点。,0,0,1548044383
53,1623230819008515,一篇实实在在的好文！,0,2,1548033541
54,1623232822018056,中肯，客观，科学的见地，好文。,0,2,1548035451
55,1623245804331048,坚经济全球化战略💪,0,0,1548047836
56,1623229190494222,这是没有悬念的事情，以金毛的尿性，一定是继续打。,0,2,1548031988
57,1623236847168526,伟人的论持久战到什么时间都是经典,0,0,1548039290
58,1623234673188867,这是我看到分析得最位的文意👍👍👍,0,0,1548037217
59,1623233212289197,我们是中低端制造夜为主，出口中低端产品，这些美国本土已不生产，我们需要的进口产品美国不卖我们，并控制，不改变目前状况，无法减轻贸易逆差,0,2,1548035824
60,1623236580607140,停火？停火？停火？,0,1,1548039036
61,1623231806752791,中国现在居民储蓄率大概也就老一辈人吧，年轻人都是贷款过日子,0,3,1548034483
62,1623239908102151,此文讲的有道理，值得静心一读。,0,0,1548042209
63,1623229846941699,说得好，让大家明白了中美贸易战的本质与得失。,0,5,1548032614
64,1623230481404072,打打停停，停停打打。,0,1,1548033219
65,1623234676662333,有一定的道理。不过不要指望在谈判桌上战胜对方，也不要指望谈判桌就能解决矛盾，中美之间的矛盾是不可调和的，从长远来看，必须立足军事，立足大打一仗的立场，否则，美国不会乖乖让出领导权，中国也不会真正崛起！,0,3,1548037224
66,1623230508088324,分析到位的帖子。[赞],0,1,1548033245
67,1623229259490318,非常深刻的文章！,0,2,1548032054
68,1623239587334152,平头百姓中战略家也不少啊,0,6,1548041903
69,1623223905307725,中国进口霉锅滴B2轰炸机一百架，福特级航母两艘并配齐F35B舰载机，应该贸易顺差就减少了吧,0,2,1548026948
70,1623236731378877,美国对华贸易战到底有什么理由？他们的条件是什么？公布一下吧,0,4,1548039180
71,1623258968419331,支持作者观点。,0,1,1548060387
72,1623244836117507,中美最大的问题是价值观的不同，这不止是中美，而且是中欧，中日，中韩，中国跟全世界的问题。,0,4,1548046909
73,1623245183219720,不输即赢 汉子博大精深,0,0,1548047240
74,1623233267980292,敢战方能言和，言和必须备战！[赞][赞][赞],0,6,1548035877
75,1623230899413069,中国一定是大赢家！,0,2,1548033618
76,1623231568402440,作者的冷静分柝很有深度，👍。,0,1,1548034256
77,1623207873421320,讲的对，大局确如此，一，自卫反击，二，国运之战！战胜的保障，一，强大制造业，二，巨大内需市场及外需己有市场，三共渡时艰的体制优势，美国优势很明显不分析，所以我们要保外需市场及制造业，这两个很易受伤的地方，也是美主攻方向，我方应主攻美国根本:金融！方可保平争胜,0,70,1548011659
78,1623233538420744,文中的思想更高贵，何能不胜。谢谢作者，给人信心，给人希望。衷心谢谢。,0,2,1548036135
79,1623234068662280,对美国来说，这个晚了十年，对中国来说，这个早了十年,0,1,1548036640
