﻿,id,comment_text,reply_count,digg_count,creat_time
0,6739382993725145099,打铁要靠自身硬，只有自己强大了，才不惧任何的制裁和打压！,0,1177,1569134885
1,6739385803095080971,美国封杀中国企业必将失去中国这个超级大市场。而且一旦逼迫中国企业自主研发芯片成功的话，美国再也不能对中国高科技构成威胁，所以长期来看美国这种做法极其无知，因为他低估了中国人的决心，而且中国崛起是必然的。与中国合作才能真正实现双方共赢的局面。,0,647,1569135538
2,6739691036681453575,独立自主，自立更生，奋发图强！中国必须自立自强，才能不被打压，卡脖子！！！,0,0,1569206607
3,6739465948740517896,中国和美国的贸易战，是战略上的交锋，根本没有缓和的可能，只有一方倒下才会停止，原则上说谁先倒下，谁就会彻底被打败，其它国家也在等待着最终的结果，在形式没有明了前，谁也不会插手中美之间的战争,0,240,1569154197
4,6739428231898447880,那怕我们发展的慢一些，也要全力研发我们的核心技术，国家每年进口那么多芯片，如果我们自产自销不依赖进口，那美国更抓狂了，一个国家不可能依靠大而全，只要核心的产品是我的就行了，闭关锁国之路是走不通的，历史己证明。,0,195,1569145417
5,6739351781668995075,分析得比较合理，中国必须自立强大！,0,1072,1569127616
6,6739481957921095694,"老美对我们最后一个掐脖子项目就是芯片。
试想，建国后的一穷二白时，老美的封锁都没好使，更别提现在了。笑在最后的一定是中国！",0,0,1569157924
7,6739365927722205192,自力更生，才不怕别人卡脖子，毛老人家有先见之明！,0,587,1569130909
8,6739481713845583885,斗争到底，艰苦奋斗，务实创新，坚决斗争为主，丢掉幻想，集中力量发展高科技，团结全世界一切反美力量与美帝干到底！,0,67,1569157867
9,6739421769226469384,说的好，中国企业则更应该紧紧抓住这个窗口期，迅速补上短板,0,3,1569143912
10,6739409731339288583,美帝现在和我们已经不是钱能解决的事情了，它是想要你永远沉沦不能有任何挑战它的能力。是要命而不是要钱，国人该清醒了！,0,258,1569141110
11,6739571757331578887,逐步摆脱外力支撑的站立，自己唤醒内力站起来，才是挺直脊梁站起来的真功夫！[赞],0,14,1569178858
12,6739421607493664782,一针见血点中要害，国人警醒吧！团结起来，奋发图强，挫败敌人所有阴谋。,0,144,1569143874
13,6739426148981587980,美国历来只捍卫它自己的最高利益。,0,1,1569144931
14,6739370610302074893,无论是要钱还是要命，都别无选，要打我们择奉陪到底！“打得一拳开，免得百拳来！”,0,249,1569132000
15,6739696734987091971,国人警醒吧！团结起来，自力更生，奋发图强！,0,15,1569207933
16,6739626734020231175,真心佩服黄副总理有这么理性清醒的认识！不愧是大才子！,0,0,1569191637
17,6739386435642277892,美国动用国家力量想彻底打败华为，结果谁也没想到。美国芯片产业该睡觉了,0,134,1569135686
18,6739406671317221387,如中国的中产人士比美国人还多的时候，这个消费市场才是产品出路的关键,0,1,1569140397
19,6739604483242016781,这篇文章写的太好了1他一针見血指出了中美贸易战实质:自力更生科技奋斗中国人雄起/胜利是中国人的…,0,14,1569186474
20,6739729158681329676,真正的强大是我们的内心！扶持有战略性的国家及私有企业，增强科技创新能力，上下游改革以适应当今的形势。政企分离，专业人士担任专业领导岗位。同时，要提倡因地制宜地发展各地经济。不能一窝蜂也不能一刀切，对我们本已不多的资源要充分利用。多整改少拆违，违建追究。对违规已建成项目重新评估，面向社会，利于当地老百姓。,0,1,1569215482
21,6739372406005776398,贸易战是你死我活的斗争，不要心存幻想,0,155,1569132420
22,6739547838386192397,核心技术必须掌握在自己手里，国家要像华为那样未雨绸缪，加大高技术核心技术产业布局，加大支持力度，以免关键时候受制于人。,0,13,1569173274
23,6739477214981242884,战略上藐视敌人 战术上重视敌人,0,0,1569156821
24,6739481013569454092,慢点不要紧主要是自己要有决心去研发。生活苦一点，累一点都无所谓，关建是国家要强大。有钱的岀钱，没钱的岀力。万众一心，团结一至总会闯过这一个寒冬，迎接美好的春天！,0,23,1569157705
25,6739771250279038983,完全支持黄奇帆的观点。中美这场贸易战，实质是中华民族与老美的生死存亡之战，国人不能等闲视之！,0,5,1569225282
26,6739408394844897294,想要中国命的不止美国，能得手的绝对没有——因为中国始终把自己的命紧紧地攥在自己的手里。一心想要中国命的国家绝对不会比中国多活哪怕一秒。,0,2,1569140798
27,6739583133802938371,我们只有抓紧时间练好内功才是硬道理，综合国力永远是外交谈判最重要的筹码！,0,7,1569181526
28,6739368184161730571,霸权之争，不可能指望对手拱手相让，只是技术进步还未打破核平衡前，无法爆发全面战争，才变成经济战,0,113,1569131436
29,6739422401505099780,只要中华民族坚持自强不息.不屈不挠的民族精神，中华复兴将为期不远！！！,0,49,1569144059
30,6739576997653315598,中美经贸摩擦关乎诚信、政治立场！,0,7,1569180083
31,6739403298735947784,补齐短板最重要。,0,19,1569139611
32,6739435465428074499,晚来不如早来，自力更生是我们最终的目标。,0,28,1569147100
33,6739499035793113099,我们要命，还要钱更要自力更生。,0,11,1569161901
34,6739428137270280199,独立自主，自立更生是战无不胜中国人民的指路明灯。也是我们由大国迈向强国最自信的法宝。,0,22,1569145394
35,6739423379176062988,支持华为等自主创新！,0,26,1569144286
36,6739416918400335886,要打多久就打多久。我们自力更生奋发图强。越打越结实。,0,23,1569142782
37,6739360917433253895,中国禁止高通芯片进入会怎样？,0,113,1569129743
38,6739582108370550797,[机智]为了打造无美供应链，华为也在积极展开自己的布局[酷拽][赞],0,4,1569181269
39,6739724229287133188,所以我说那些急于购买美国农产品的商人，要有宏观意识和国家危机意识。,0,5,1569214333
40,6739382994194874380,独立自主自力更生朋友来了有好酒,0,36,1569134885
41,6739367238761185287,计算题，高通的芯片50%卖给中国，其中20%卖给华为，问华为有多少份额，答，10%，另外若无华为，小米OPPO，vivo手机份额增大，会填补华为的市场份额，同样需要买高通芯片，实际上高通的出货量基本无影响。,0,103,1569131215
42,6739361919175917579,自力更生，能解决生存问题,0,95,1569129977
43,6739408150551592973,特朗普的贸易战本来就是带有政治目的,0,21,1569140740
44,6739409713336860679,芯片的问题。简单来讲他不卖给我，他卖给谁？美国对华出口的芯片只能卖给中国。就像我订了一件衣服。你现在说不卖给我。那你卖给谁？衣服的尺码，颜色。款式等等。谁会要？,0,47,1569141105
45,6739703085230604295,要主练内功，从长计议搞好制度建设，要重视科技，把科技水平真正搞上去，,0,6,1569209411
46,6739455378423332877,团结起来，自力更生！！！,0,11,1569151736
47,6739380708932124680,你的算法的前提是Op，vi 那些手机可以把华为的市场吞并，华为消失，他的市场份额才会扩大，高通的出货量才不受影响。如果让你干统计，美国会上天了，早从地球上消失了！咋还有人点赞？数学是兽医教的吧,0,2,1569134352
48,6739415261889363971,西方帝国主义打交道时候永远要记住，帝国主义亡我之心永远存在……,0,22,1569142397
49,6739438334029938696,美国往死里打华为,0,5,1569147768
50,6739418090175627276,中国要苦练内功，不断加强自主创新，激发内生动力，这样命运就会掌握在自己手中！,0,19,1569143055
51,6739417012755988487,是要金融房地产还是要高科技和制造业二选一,0,17,1569142805
52,6739386272278134792,发扬自力更生，独立自立的优良传统,0,19,1569135648
53,6739446257791696899,说的太对了，我命由我不由天，我们自身强才是硬道理。,0,9,1569149613
54,6739375291015184397,每个企业在赚钱的同时，必须大力投入研发，不然就会出现卡脖子现象。,0,36,1569133090
55,6739444375770234883,坚决反击美国的打劫！！,0,8,1569149175
56,6739411583468371975,高深的东西不懂，但有一点做为一个中国人必须爱国。,0,28,1569141541
57,6739666632656207884,核心产品：你美国愿卖，我可以仍买，合作共赢；你美国不卖，我自力更生，拒你千里。,0,2,1569200925
58,6739513435308556295,备胎不用，永远都是备胎，必须趁机转正，方是长久之计。,0,7,1569165255
59,6739423861949153293,主动去美国化才是上策,0,17,1569144399
60,6739433593677955080,美国是要钱，也要命。,0,12,1569146665
61,6739374936005148683,有没有黄奇帆的这篇文章完整版,0,28,1569133007
62,6739414946649522180,重奖有良知有作为、有功的科学家、企业家！,0,17,1569142323
63,6739414511322742792,才有了一个明白人。,0,10,1569142222
64,6739439161520570371,巨大的市场是最重要的。欧美资本主义几百年的战争都是为了抢夺市场，可见市场有多重要！,0,1,1569147961
65,6739607534631960579,不要抱任何幻想，坚决打击美国！[赞][赞][赞],0,4,1569187183
66,6739422508170461188,还有小米，联想他们为美国唱赞歌,0,8,1569144084
67,6739369817402753028,符合实际，前途漫漫，永往直前，定能胜利,0,40,1569131816
68,6739416053014855692,希望中美能达成双方认可的协议，希望中国更加开放，更加强大，人民越来越幸福。,0,5,1569142581
69,6739385525604057091,集中精力练好内功，才不会被人掐脖子。,0,19,1569135474
70,6739395861123694599,终于有个明白人了,0,19,1569137880
71,6739407048939323395,当一切均不奏效时，战争就会来临，这不是一般的战争，而是你死我亡，以命相搏。,0,10,1569140485
72,6739383807734497287,我们平民百姓能做的 只有不买苹果手机，坚决买华为,0,125,1569135074
73,6739362672460021774,好文章，中国的命运自己把握。,0,58,1569130152
74,6739420259293413389,中国把发展的命脉牢牢的掌握在自己手里！,0,6,1569143560
75,6739420925265330183,说到点子上了，人家要的不是钱，是你的命,0,9,1569143716
76,6739377795769565191,感觉美国现在干的闭关锁国的事,0,13,1569133673
77,6739757634519973891,真正的强大是内部团结,0,0,1569222113
78,6739469691007401992,全面超越才是真理，我的中国,0,6,1569155068
79,6739408736488079371,不好意思，往后余生我只认华为：,0,7,1569140878
