﻿,id,comment_text,reply_count,digg_count,creat_time
0,1605411451737108,没买过美国货，现在以后更不买了，支持国货,0,8,1531039668
1,1605221785572366,他强由他强，清风拂山岗，他横由他横，明月照大江[赞][赞],0,600,1530858789
2,1605222203490317,万众一心，不买美货,0,927,1530859187
3,1605277780815876,宁可过苦日子，也决不向美国低头，坚决反制……,0,59,1530912190
4,1605229339571208,[赞][赞][赞],0,0,1530865993
5,1605229146835997,对，作为国之匹夫，坚决支持反击，即使吃糠咽菜都不怕，支持国家反击，在此情况下反击是唯一的出路！,0,14,1530865809
6,1605230602037255,他扔他的原子弹，我扔我的手榴弹，看谁能坚持到最后，笑到最后。这是主席在抗美援朝三次战役胜利，美国人准备核战时说的话。,0,3,1530867197
7,1605229605258244,中国人民团结起来，一定能够打赢这场贸易战。祖国必胜！,0,4,1530866246
8,1605231783235592,丢掉幻想，华夏一心，坚决，彻底打败美帝国主义野心狼。,0,7,1530868323
9,1605229885040659,中华儿女团结一致，坚决打赢这场贸易战！,0,7,1530866513
10,1605229215006798,以后买东西会查原产地的[微笑],0,4,1530865874
11,1605255594165342,他强由他强，清风拂山岗，他横由他横，明月照大江。,0,0,1530891031
12,1605222193629188,中华民族必胜，中国人民必胜，,0,366,1530859178
13,1605232454320292,我们就是抱着饿肚皮的决心反制美帝国主义,0,5,1530868963
14,1605226427404301,坚持在自己的岗位上，做祖国最需要的人才，国在人在，国破人亡。中华儿女不会就此屈服的，我们是最具韧性的民族，没有什么能阻挡我们强大的步伐！,0,15,1530863215
15,1605231158229063,国货当自强，我承诺绝不购买美货、日货！,0,5,1530867727
16,1605232134501421,团结一心，坚决反击。同等力度，奉陪到底。,0,3,1530868658
17,1605230925759491,万众一心，众志成城！打败美帝国主义！,0,3,1530867505
18,1605228781651976,就是这样，考验我们的时候到了！,0,2,1530865461
19,1605232628481038,但是还是支持反击！像上甘岭一样！,0,2,1530869129
20,1605231741153284,什么麦当劳啊，肯德基呀，福特呀，雪佛兰呀之类的可以下架啦,0,2,1530868283
21,1605229915222045,不买美货的有多少，支持国家的有多少，中国万岁！,0,2,1530866542
22,1605230584747015,希望国人能买到高质量国货，很多出口的好东西以后应该优先由国人享用才对,0,2,1530867180
23,1605232046387207,祖国需要我捐款,0,2,1530868574
24,1605286343523331,美帝国主义和一切反动派都是纸老虎。他有原子弹，我有手榴弹。,0,1,1530920356
25,1605230294581267,既然开战了，多说无益，狭路相逢勇者胜,0,1,1530866903
26,1605227517216776,👍祖国，来而不往非礼也。过去抗美援朝一穷二白都胜利了，打出了太平盛世N多年非,0,9,1530864255
27,1605229657543693,好!厉害我的国!,0,2,1530866296
28,1605229467341891,开战了，中国必胜，人民必胜,0,1,1530866115
29,1605230061594647,万众一心:坚决打赢对美贸易战:,0,1,1530866681
30,1605230257141764,中国人民团结一致！打的一拳开 慢免得百拳来,0,1,1530866868
31,1605229069221895,他强由他强，清风拂山岗，他横由他横，明月照大江。,0,2,1530865735
32,1605232381786126,好像正在经历抗美援朝或者对越反击战时候的文宣,0,1,1530868894
33,1605255980958743,孙子兵法只有中国有[呲牙],0,1,1530891400
34,1605223707798535,支持我的国,0,75,1530860622
35,1605231669932036,国，既然不可避免，就把它打趴下，,0,1,1530868215
36,1605230548424707,没有硝烟的战争！厉害了我的国！,0,0,1530867146
37,1605231160866824,中国定赢：中国一定赢！！,0,1,1530867730
38,1605230470788109,他强由他强，清风拂山岗，他横由他横，明月照大江，用九阳真经中国必胜👍👍👍,0,0,1530867071
39,1605229491358724,中国人民是不可战胜的。,0,1,1530866137
40,1605300246126670,有礼，有理，有力。,0,1,1530933614
41,1605232621238286,人民与亲爱的祖国永远在一起！中国必胜！正义必胜！人民必胜！,0,0,1530869122
42,1605227345861703,勿庸讳言，坚决支持回击美帝。,0,4,1530864091
43,1605225117318148,这个文章有分量，抬头一看，原来是新华社发发表的。他强由他强，清风拂山岗，他横由他横，明月照大江。给个赞！,0,247,1530861966
44,1605230019185667,先强制半年不贸易，什么结果,0,0,1530866641
45,1605224742461476,坚决支持国家的决定,0,175,1530861609
46,1605228874458120,2018年这个夏天，或许正是世界格局的一个重要转折点。,0,0,1530865549
47,1605228875967502,坚持到底，永不放弃。,0,0,1530865551
48,1605283438372877,我们该做什么做什么，让别人去想去总结吧。,0,0,1530917585
49,1605223109852164,矛盾不可调和，影响深远！总要打一战，你才能成为第一！两国的国运就此分水岭！,0,92,1530860051
50,1605230461747283,他强由他强，清风拂山岗，他横由他横，明月照大江。,0,0,1530867063
51,1605229135780871,中华危难时刻，团结，加油。,0,0,1530865798
52,1605230486618126,干得漂亮！,0,1,1530867087
53,1605230174943304,抛出美国国券,0,1,1530866789
54,1605227931205668,必须强力还击，且要毫不犹豫地坚持到底。风浪中，国人的适应能力无人能及，况且周围还有一堆手拿板儿砖左右观望的狡诈之徒再选择弱势者下黑手呢。,0,2,1530864650
55,1605230276970510,雄起:中国[赞][赞][赞],0,0,1530866887
56,1605228427856903,沃尔玛可以关门了，第二个乐天,0,5,1530865123
57,1605232902933523,坚决支持国家的决定,0,0,1530869391
58,1605228966343693,不管风吹浪打，胜似闲庭信步,0,0,1530865637
59,1605231117787139,支持祖国！,0,0,1530867689
60,1605227278460958,他强由他强，清风拂山岗，他横由他横，明月照大江。,0,4,1530864027
61,1605229698896903,他强由他强，清风拂山岗，他横由他横，明月照大江。,0,0,1530866335
62,1605290262829059,厉害了，我的国。,0,0,1530924094
63,1605227685487630,我承诺:贸易战不停不买美国货！,0,3,1530864415
64,1605229615845384,他强由他强，清风拂山岗，他横由他横，明月照大江。,0,0,1530866256
65,1605228060227592,[酷拽]万众一心，其利断金,0,1,1530864773
66,1605228276807699,为国不可以生事，亦不可以畏事！！！,0,1,1530864979
67,1605230711313421,支持祖国！,0,0,1530867301
68,1605225297835015,贸易战是买方市场 希望我们能够笑到最后,0,146,1530862138
69,1605228695275523,抛美债，征美税！坚定信心打赢对美贸易战！,0,2,1530865378
70,1605231011033165,坚决不要用苹果手机,0,0,1530867587
71,1605226525100046,无条件支持国家，有大家才会有小家！,0,1,1530863309
72,1605227564896327,而今非昔比，祖国雄起。,0,3,1530864300
73,1605231161350152,国人当自强,0,0,1530867730
74,1605230827618333,[赞][赞][赞],0,0,1530867412
75,1605230913333252,好，中国雄起,0,0,1530867494
76,1605227549171726,奉陪到底，中国有十四亿人，中国人有奉献精神，来吧，陪你玩一百年，,0,0,1530864285
77,1605232868161539,干就完了！,0,0,1530869358
78,1605228179323917,他强由他强，清风拂山岗，他横由他横，明月照大江。,0,1,1530864886
79,1605227798744068,决不后退，大不了自产自销。,0,2,1530864523
