﻿,id,comment_text,reply_count,digg_count,creat_time
0,1611580070805518,中国人善长持久战。,4,1301,1536922522
1,1611584306460675,我已经不用苹果了，用了一年多华为了，质量很好,26,801,1536926561
2,1611582452582414,无意这将加快美国人民从摇篮到坟墓的速度。这句话我喜欢。,4,920,1536924793
3,1611589405825032,我买华为可好用了，三年了，没出过毛病,6,182,1536931424
4,1611589188814851,毛主席说军民团结如一人试看天下谁能敌,5,721,1536931217
5,1611585094495246,平时遇到疯子（精神病人）都必须躲着，但遇到了川普这个疯子，中国人绝对不会躲，只能硬干，不能软！,2,1456,1536927313
6,1611582243938317,打倒美国，杨我中华,13,979,1536924594
7,1611583574872068,以前用的是苹果手机，但是前几天买华为手机,6,133,1536925864
8,1611584419096580,万众一心，冒着敌人的炮火，前进，前进，进！,2,289,1536926669
9,1611585047099469,我现在什么都用国产货！中国加油！,4,332,1536927268
10,1611594705234951,尽量不买美国货，支持国产，让老美看看中国人的魄力。,0,323,1536936478
11,1611583714877444,就凭我们国人的智慧，一定能战胜美帝！,1,637,1536925997
12,1611584833501197,支持祖国，中国必胜！,0,587,1536927064
13,1611587593095239,团结就是力量，人多力量大，中国人团结起来世界无敌！,1,419,1536929696
14,1611587037912158,坚持到底，中国人民是永远打不垮的。,0,97,1536929166
15,1611581304314957,将反击进行到底,0,814,1536923698
16,1611590213995533,中国有能力战胜美国！,0,104,1536932195
17,1611591695436942,为中华民族的尊严而战！,0,163,1536933608
18,1611578214003725,虽然很多方面我们还有不足，但是毕竟是全产业链的世界工厂，再加上一带一路的影响，胜算还是不小的，毕竟这不是躲就能躲过的,2,429,1536920751
19,1611581377001476,作为一个企业开发部的老油条发言:有影响，但是我们还撑得住。支持国家的决策。加油!,0,390,1536923768
20,1611580781034503,支持祖国！,1,580,1536923199
21,1611582020310029,我们会突破黑暗走向光明的！,0,419,1536924381
22,1611596768332878,人人都这么爱国，还何惧美帝,0,38,1536938446
23,1611585281713155,挺起腰杆，继续打,0,133,1536927491
24,1611580436798484,打败美帝！,1,404,1536922871
25,1611588508420174,支持国货，祖国必胜！,0,131,1536930569
26,1611579510809607,我的生活还没感受到压力和影响,1,256,1536921988
27,1611585837512711,实力、胆识与智商的较量！,0,126,1536928021
28,1611582941303822,贸易战迟早都要打的！早点应对也有好处,1,297,1536925259
29,1611588839776259,其实美国有什么东西我不知道，我一直用国产,0,31,1536930885
30,1611590121041924,此时抛点美债！不知威力如何？！,0,28,1536932107
31,1611591293145102,国人都长点记性，不去美国，不买美货,0,32,1536933224
32,1611577160474637,狭路相逢勇者胜。,0,584,1536919746
33,1611586689879128,没有人不喜欢自已的孩子的！用国货！,0,105,1536928834
34,1611585603446915,川普是个疯了，打贸易站，他坏透顶，他个荣华富贵，见不得别人过幸福日子。,0,115,1536927798
35,1611583233881091,聚沙成塔！国家兴亡匹夫有责！,0,95,1536925538
36,1611594070206471,本来用安利，苹果，吃肯德基，麦当劳，等。现在全部改了。我做我自己力所能及的事情。,3,43,1536935873
37,1611591561204744,封锁个三十年！五十年！中国人民团结一心！祖国会更强大！！！,0,31,1536933480
38,6697948381593223176,美帝打贸易战的目的，打破合作共赢的局面，想夺取更大的经济利益。,0,0,1559487638
39,6685709852850864139,美帝亡我华夏之心不死,0,0,1556638133
40,1611595909107720,不能回避问题。伤敌一千，自损八百。听上去差距不大，但如果对方是一个五万人的兵团，而我方是一个一万人部队，我们的损失可能是致命的。所以，这里不应该讨论与对方的比较，而是要考虑损失的比例。,0,1,1536937626
41,1611634757641223,著名科学家罗素《中国问题》曾经说过：“未来200年中国何去何从是影响世界发展的决定性因素！”“中国将创造比西方更灿烂的文明！”另外还有一句让所有中国人都记忆深刻的名言：“如果世界上有骄傲到不肯打仗的民族，那么这个民族就是中国。”让一个外国著名的科学家这样夸赞，真是让人百感交集。,0,0,1536974675
42,1611595764404228,支持国产品牌也是爱国！自有OPPO 感觉比三星苹果好多了，再也不担心每天下午电不足！充电有快！现在全家人都用OPPO 支持国产品牌，全民行动，中国更强,1,35,1536937489
43,1623048263704589,摇篮到坟墓太爱听了，打倒美帝国。伟大的祖国我爱你，加油！,0,1,1547859443
44,1611640827972611,以前总看到不少人拿苹果手机卖弄，现在中国人民觉悟普遍提高，人民都用国产手机实惠又耐用，还能落个爱国的好名声。,0,0,1536980464
45,1611586441424900,我从来就不买美货，始终坚持使用国货,3,90,1536928597
46,1611650495175694,"我们家原有一台苹果手机，中美贸易战开始后，己将其闲置，就连我小外孙没有手机的情况下也不玩它。看来离开美货也是能生存的，就让特朗普疯狂吧！
支持我国政府对美一切反治(制)措施！
爱国从我做起！",0,0,1536989684
47,1611681363930116,很多人卖苹果自己为了不起，其实手机能打电话能上网就行，其实多支持国产，不比美国差，最后一句看不起用苹果的人，,0,1,1537019123
48,1611581551158343,支持国产[加油],0,50,1536923934
49,1611717605353475,之前用的苹果，现在华为手机用着挺好,0,0,1537053685
50,1611600467232781,街上水果店里的苹果都不买了。,0,1,1536941973
51,1611591074695172,多用国产`打倒老美,0,50,1536933016
52,1613006820099076,为什么要用苹果手机?我用一千左右的国产机，不也一样上微信、登Q、视频等所有想要的功能吗?五六千甚至上万的苹果机难道能玩出啥花样来?抛弃那崇洋媚外的汉奸思想吧。我的小部分所谓的中国富人。,0,0,1538283176
53,1611582989327363,大国风范 有理有力,0,148,1536925305
54,1612132643024900,在中美贸易战时就买了华为P20,0,1,1537449496
55,1611650117852167,万众一心，众志成城。历史可鉴，退则亡，进则存。长征之艰苦，抗日之艰难，何足惧。抗击美帝挑衅，我们必胜。,0,1,1536989324
56,1611598221531143,米国已经日落西山了,0,3,1536939841
57,1611593973943304,何时能让GDP增速与国民个人收入增速同步？,0,5,1536935781
58,1611635594351623,国产企业要认真做好质量让国人相信国货认认真的做，只要做到尽力而为不能故意做假，有的确实是技术问题国人也是能原谅的，买全部国内产品国家才能富，企业才能上得去，企业也要认真做二合一才能国富民强,0,1,1536975473
59,1611712541574158,支持国货，我一直用华为三年多了非常好，团结一心打倒美帝国主义！,0,0,1537048856
60,1611642086755342,对！无论家中什么用品，都用国货，不买外国的一点！如果每个中国人都能这样，不用和外国人有太多的经贸往来，我们的经济照样繁荣发达！,0,2,1536981665
61,1611635349432334,支持国产,0,2,1536975240
62,1611629114446855,老年人腰都累弯了，就看年轻人拉。,0,0,1536969294
63,1611637076160519,留给美国的时间不多了！,0,4,1536976886
64,1611631559828487,毛主席的话儿记心上，哪怕敌人逞凶狂，我们摆下了天罗地网，要把那些强盗豺狼全都埋葬。,0,0,1536971626
65,1611664135064590,万众一心抗美帝。让我中华向前进。民心齐，泰山移。,0,0,1537002692
66,1611643589170179,2016年的华为用到现在，除了电板不保电外，其它一切都冈冈的，国货质量就是好，继续换一部华为。,0,0,1536983098
67,1611641067181059,我用小米手机📱己经两部了，很好用。支持国货,0,2,1536980693
68,1611595983518728,我买一台哈弗H6.跟客户去吃饭，客户开奔驰，让我别跟他停一起。呵呵，我就没跟他吃饭了，你自己买单！,0,1,1536937697
69,1611641627462724,[大笑][大笑][大笑]堅持就是勝利,0,0,1536981227
70,1611641798464525,为国争光,0,1,1536981390
71,1611643573811203,俺从来不用苹果,0,0,1536983083
72,1611632804310024,我用华为的，很好用。,0,0,1536972812
73,1611630894732295,打持久战，坚持定会胜利！支持😊,0,0,1536970991
74,1611634301822989,学习他国先进的东西，这是必须的！我始终用国产货也是必须的！,0,0,1536974241
75,1611598022735879,支持国产，抵制美货,0,1,1536939642
76,1611596788411396,我也丢了烂苹果,0,0,1536938465
77,1611590293002253,和美国断绝一切关系！,0,1,1536932271
78,1611661125880904,中国人加油，造自己的芯片，造自己的发动机，搞自己的高科技。咱谁都不怕,0,1,1536999822
79,1611598246898808,八年抗日说明中华民族是不可战胜的,0,0,1536939866
80,1611845102734350,我们国人的智慧，一定能战胜美帝！,0,1,1537175276
81,1611594628939780,不得不说，外交部的每次回答，都看成对外关系的模板，逻辑分明，滴水不漏，有理有据，不卑不亢，就凭这点，都非常值得国内公司的公关部门好好学习。我一直觉得我们的外交部的回答水平之高，是典范级别的。,0,0,1536936406
82,1611598795614231,用了4年苹果，现在换车华为，终于明白还是华为好用,0,0,1536940388
83,1611596562210878,我与祖国同呼吸共命运！,0,1,1536938257
84,1611629113892877,我用的小米手机只花了798元，三年了一点毛病没有，,0,0,1536969293
85,1611599080493134,我从来就是用国产的。,0,0,1536940662
86,1611590330310659,老美有刷头条的吗？看看我大中华国民的态度！！！你就明白此战胜负已分！！！,0,0,1536932306
87,1611598725237806,美国的超市在抢购中国商品，知道这些物美价廉的产品以后现价很难买到了。,0,0,1536940322
88,1611595959764030,继续努力加油,0,0,1536937683
89,1611628309754888,越封锁越强大,0,0,1536968526
90,1611772678770824,华为好,0,0,1537106207
91,1611650014736407,用国产的好，比西方的好用，我就用国产手机，可好使了，用3年oppo了，一次都没坏过，电池也比苹果手机耐用,0,0,1536989226
92,1611630284369924,毛主席的话，永远是真理！坚苦奋斗，自力更生！,0,1,1536970409
93,1611627130893320,霸权无理，合作才是全球人民幸福的硬道理。,0,0,1536967402
94,1611628351433735,国人当自强,0,0,1536968566
95,1611631471447044,我一直用小米,0,0,1536971541
96,1611598204473415,坚决不买美国货,0,1,1536939815
97,1611643544791053,美国强大，世界有公正？,0,0,1536983055
98,1611593981708436,骑驴看唱本,0,0,1536935788
99,1611639914850317,绝不屈服，坚决斗争,0,0,1536979594
100,1611633108082711,美国人心肝坏了。,0,0,1536973102
101,1611638430937102,我从来不买美国的产品,0,0,1536978178
102,1611636600816643,川普没有砸苹果都是给你面子了。,0,0,1536976433
103,1611649784543246,我以前也是用的苹果🍎手机，现在更换了,0,0,1536989006
104,1611619825907720,等我这个苹果六用坏如果再买手机就选国产的,0,0,1536960435
105,1611650180224007,中国人特别擅长持久战，在夹缝中生长，从旧中国到新中国，这么漫长的苦难岁月都挺过来了，区区一贸易战就想把我大中国搬倒？？[灵光一闪],0,1,1536989383
106,1611659041467395,vivo手机比苹果手机好用！,0,1,1536997834
107,1611644419056648,本人绝不用外国货，只用国货，支持国货，爱你中华。,0,0,1536983889
108,1611646940715015,只是老美单向心愿，自娱自乐。,0,0,1536986294
109,1611584372567044,我昨天己不用苹果，并下是它不能用，现买了一部华为，为国产品牌顶起。,83,3494,1536926624
110,1611579567461448,勒紧裤腰带还能抗美援朝，何况现在，老美太不了解中国人的决心和毅力了，同仇敌忾奉陪到底,1,132,1536922042
111,1611595836363853,用了十多年的苹果手机 最后一部丢了 于是我果断的买一部华为手机 不是因为它好用 支持国货,1,10,1536937557
112,1611585673813005,支持国货！是国人就加两桶油，让外资油站倒闭！,2,35,1536927865
113,1611580207215630,支持国家，祖国万岁！,1,2665,1536922652
114,1611597515730957,我坚决支持国产，车是哈佛，手机一直用华为，家电海尔，美的，格力，只有祖国强大了才能保证人民稳定幸福的生活！,1,22,1536939159
115,1611593170675720,支持国家任何强国之策，我只有100w，但愿意全部奉献,1,7,1536935015
116,1611593622298631,我从不用美国货,1,5,1536935446
117,1611585028492302,祖国怎样号召我们就怎样做。,4,1596,1536927250
118,1611594159473832,美国的超市在抢购中国商品，知道这些物美价廉的产品以后现价很难买到了。,1,5,1536935958
119,1611589724673101,消灭美国货，拥有国产车和手机等，国货也很好，也再不断升级超越！买国货爱国从我做起，走自路让美国无路可走！,1,40,1536931729
120,1611592699922440,有时国家之间与人之间一样，不是经济得失的问题，是尊严的问题了,1,21,1536934566
121,1611585182329943,不拒绝谈判，是一种成熟的姿态,1,73,1536927397
122,1611582352619533,我立马换华为,2,71,1536924698
123,1611588564229124,作为一个普通中国人我从不买苹果手机做起！不消费任何美国产品。,1,30,1536930622
124,1611590631584845,我们一家都用的是国产手机，国产车,4,77,1536932593
125,1611586585547780,只买中国制造！[呲牙],1,64,1536928735
126,1611587079916628,中国人一定要团结。一定能战胜美帝国主义。同胞们。一定不要到美国去消费啦。,0,21,1536929206
127,1611590410828868,为振兴中华，用中兴、华为手机。为吉利中国长城奇瑞传奇，请用国产长城、吉利、奇瑞等国产汽车！,8,182,1536932383
128,1611593139366915,我从不用美国货，因为我不是有钱人,1,15,1536934985
129,1611577568489485,中国万岁,0,68,1536920135
130,1611582244919309,从不用苹果,1,61,1536924595
131,1611579860298760,直接导致中国更团结了，中国有极少数人乐见贸易战，台湾省有些跳的很高。,0,35,1536922321
132,1611584090635336,中国人民什么艰难困苦都不怕！,0,25,1536926356
133,1611584946991107,[赞][赞][赞][赞][赞][赞][赞],0,16,1536927172
134,1611582973763587,支持国货人人有责,0,30,1536925290
135,1611580603431949,以硬对硬，誓不低头[加油][加油],1,865,1536923030
136,1611583670563853,除了已经有苹果的，身边的朋友，谁再买，从此不联系。,1,43,1536925955
137,1611583424676877,在华美企可多征百分之几十税率不成问题吧，让国民再迈前一步。,2,76,1536925720
138,1611580293476365,不要理他，美国这样的人觉得应该凉凉他再说，不然他还会矫情的…,0,36,1536922734
139,1611590939358216,只要国民团结一心，没有过不去的坎。抵制美日货。,0,8,1536932887
140,1611594208984078,支持国货，我从来不用外国的东西，就有钱人包括明星们穿的衣服用的化妆品都是外国的，觉得那是大牌，可怜的我太穷了，买不起外国的，也没觉得国产的有什么不好,2,19,1536936005
141,1611596692661261,我一直不用美日货，买就买国产货，为国产顶起,0,16,1536938374
142,1611588182258692,对于那些生意场上故意想占我便宜的，要挟我的，我以后就不和他做生意，做人要地道,1,65,1536930258
143,1611583920096339,"从果2用到8,今年果断换成AGM，比苹果好几倍。支持",0,48,1536926193
144,1611589520650254,中国必胜，支持你我的祖国！！！,0,19,1536931534
145,1611583205614621,这是一场拉锯战，谁笑到最后，谁才是赢家。美国在这个时候说是不是太早了阿。啊，看来美国坚持不了好久了，缺乏韧劲,1,744,1536925511
146,1611590498721869,宁可损失一个也该杀敌八百!这是中华民族的骨气!,0,10,1536932467
147,1611577716022349,中国的痛苦是短期的，但是美国的损失却是长期的。,0,55,1536920276
148,1611580745253901,支持国家，支持国产。,0,73,1536923165
149,1611590768760851,我坚信美国笑不到最后，支持国货，祖国加油！,0,17,1536932724
150,1611585030101000,春江水暖鸭先知，赚少了也得跟他们干,0,24,1536927251
151,1611580474411015,任凭风浪起，稳坐钓鱼台,0,77,1536922907
152,1611583845584899,祝愿伟大的祖国，国富民强，繁荣昌盛。,0,79,1536926122
153,1611596561763342,买了辆国产车支持国货,1,25,1536938249
154,1611580989179918,是否应该让波音感到痛？,0,22,1536923398
155,1611583363812356,让时间来证明一切吧,0,38,1536925662
156,1611585532382222,加油吧，我的国,0,43,1536927730
157,1611577258841160,我觉得还是买我们自己的产品就好了。,0,143,1536919840
158,1611591818589214,一定能战胜纸老虎，支持国货。,0,21,1536933725
159,1611589914119172,我把“三星，苹果”都泡到垃圾堆了。挽上了“华为”。,0,15,1536931909
160,1611582167929859,支持国产,0,37,1536924522
161,1611580874040327,这个球上没有美国也会转。,0,28,1536923288
162,1611579850689540,支持我的祖国，干就完了！,0,281,1536922312
163,1611584759745544,全国团结一条心，要就佬美抗争我底，胜利_定属于我们！,0,24,1536926994
164,1611581756820558,支持国家奉陪到底,0,56,1536924130
165,1611589896806423,国是我的国！家是我的家！我爱我的国与家！我们能做的，只有团结，拥护！以表忠心，一个老兵的心声！,0,13,1536931893
166,1611590090760200,干！干倒美帝！,0,14,1536932078
167,1611587412415492,中国很伟大,0,19,1536929523
168,1611582065605774,我爱我的祖国,0,67,1536924424
169,1611588487129102,雪百年国耻，扬华夏神威，学战斗民族，中国将战无不胜,0,41,1536930548
170,1611585478149150,永远支持祖国！,0,30,1536927679
171,1611581242788877,对美国产品征收惩罚性关税。 反正我们整得住,0,51,1536923640
172,1611597640374280,美帝永远不知道什么叫万众一心,0,17,1536939278
173,1611593368627368,本人从来没用过外国产品。都使用国产货，支持国产，没毛病',0,11,1536935204
174,1611594759941256,中国应该站起来，应该有霸主的范儿,1,5,1536936531
175,1611586480055304,我只用国产货。,0,35,1536928634
176,1611582337680392,跟他斗到底,0,43,1536924684
177,1611577709772803,没影响,0,42,1536920270
178,1611587434993741,说的很硬，好,0,18,1536929545
179,1611578011302915,打倒美帝国主义，,0,58,1536920558
180,1611590034047054,支持国货，打败美国！,0,25,1536932024
181,1611599153099783,美国继续这样，不和我们好好做生意。我们和别人好好做生意，等地球少了一样转。别来求我们,0,12,1536940720
182,1611586091279453,支持中国产品好,0,70,1536928263
183,1611581368853518,最少我现在没受到影响,0,62,1536923760
184,1611583401393159,支持一切国货，扩大内需，振兴中华。,0,24,1536925698
185,1611581473566791,说支持国产货的我都给你点赞,0,53,1536923860
186,1611580713319431,中华民族崛起是历史的必然。任何阻挠能延迟崛起的时间，就像郑国渠于秦国。中华民族是伟大的民族！,0,127,1536923135
187,1611596811870212,苹果手机从现在开始对我已经没有吸引力了，下次支持国货！,0,16,1536938487
188,1611595357544461,我从来就是用国产的。,0,20,1536937100
189,1611590994323534,标题符合现实！坚决打击带病暴涨房产泡沫，下大力气发展科技实力迈向世界第一强国！,0,12,1536932939
190,1611591652578318,不用三星，萍果，支持国货华为。,0,11,1536933567
191,1611592905379847,今天准备吃肯德基，算了吧！还是中国的馒头好吃。,0,11,1536934762
192,1611582293328973,决不向特朗普低头！,0,50,1536924641
193,1611577747984391,本人感觉没什么影响，因为所有都是国产货，美帝产品根本不用。,0,65,1536920307
194,1611583564950531,支持国货，不惧美国,0,26,1536925854
195,1611595995570243,拒买美国产品从我做起，就像我拒买大指挥官一样！！！,0,14,1536937709
196,1611589624236046,中国好东西多多大山里面的水果不要太好吃奥，大山里的茶香香美国的油炸食品发胖不健康,0,13,1536931633
197,1611585082971149,支持祖国振兴中华,0,53,1536927302
198,1611598548678659,为中国崛起而拒美！！,0,8,1536940144
199,1611594332252168,米国已经日落西山了,0,9,1536936123
200,1611588623726621,祖国必胜！爱我中华！,0,55,1536930679
201,1611583682621453,国货当自强,0,56,1536925966
202,1611588944693255,支持国货，人人有责,0,27,1536930985
203,1611581683441672,我只知道美国又要求再谈谈。,0,42,1536924060
204,1611577590148103,美国实际的目的阻止中国崛起。怕中国把它从地球食物链的最顶端拉下来。,0,76,1536920156
205,1611580795713671,支持中国,0,39,1536923213
206,1611579540845581,我們應主動進攻，被動應付不行，看它美帝搓錘子,0,34,1536922016
207,1611577907869699,坚持到底。拒绝淡判,0,79,1536920459
208,1611580320118855,支持祖国万岁[加油][加油][加油],0,122,1536922760
209,1611587986066435,祖国万岁！,0,26,1536930070
210,1611581620344856,特朗普说的话，连参考价值都没有！别信他的！,0,69,1536924000
211,1611588699315277,支持购买国货，发展民族企业,1,220,1536930751
212,1611579190581251,支持发言人,0,103,1536921682
213,1611583258006535,在平等、诚信的基础上进行对话和协商才是解决问题的唯一正确途径。,0,16,1536925561
214,1611588916057102,国货当自强！中国加油！[加油],0,104,1536930957
215,1611598715615236,顶住美的的经贸战，就等于战胜全世界。加油中国！,0,7,1536940303
216,1611589974011907,我们的国会一年比一年更强大……,0,12,1536931966
217,1611589953212419,一定不会崩溃的!,0,14,1536931946
218,1611582433456430,看看这篇文章写的很好的吧,0,40,1536924775
219,1611586230049796,自强不息,0,20,1536928396
220,1611589103013038,这辈子都不想用美国货，美国的女人吗倒是可以考虑考虑。,0,11,1536931136
221,1611579625953287,加油我的国[赞],0,173,1536922098
222,1611580913684488,老家在飞快建设，感觉比以前环境好多了,0,31,1536923326
223,1611591390103556,马上终止一切合作项目。抽回资金。不跟美国玩儿了。,0,8,1536933317
224,1611578206306311,加油,0,34,1536920744
225,1611596080381102,祖国加油💪有信心有决心打败美帝国,0,12,1536937790
226,1611586890120199,支持国货！,0,89,1536929025
227,1611588731192328,没有感觉贸易战对我有什么影响，跟以前一样。,0,27,1536930781
228,1611590192332968,支持我的国,0,10,1536932175
229,1611589046825988,为国家的强大点赞。,0,13,1536931082
230,1611581608220686,大打发:展国内销战气死米国,0,33,1536923988
231,1611575840320520,我方很强大,1,251,1536918487
232,1611583572640771,加油，我的国！！！,0,17,1536925861
233,1611596488031252,不和美国做生意我们照样活！！,0,12,1536938179
234,1611589116784717,让数据展示，让事实说话，努力搞好自己，事实胜于雄辩！,0,40,1536931149
235,1611586817113095,我们有很多人民,0,19,1536928956
236,1611597117749262,我已经换成华为手机了，准备尽快把福特汽车也换了。,0,8,1536938779
237,1611580239947779,低调，含蓄有内涵[赞],0,57,1536922683
238,1611577411118084,奉陪到底,0,48,1536919985
239,1611583166701581,美国居民需要躲避飓风，可是有一些家庭连路费都没有，只能在家坚持。,0,33,1536925474
240,1611577676607502,我感觉和以前生活一样，每天都是吃饭干活。每月有点小进账[偷笑],0,53,1536920239
241,1611580289870856,为中美谈判，争取更大话语权,0,39,1536922731
242,1611590745317518,美国人最擅长打心里战，想想伊拉克战争！,0,10,1536932702
243,1611590065691661,团结一心，用國货。,0,10,1536932054
244,1611580984631316,取消出口税，出口企业免所有税费,0,32,1536923393
245,1611590306931715,有国才有家,0,11,1536932284
246,1611579115406339,刚他战斗到底,0,60,1536921611
247,1611591810813069,从来不用萍果手机！,0,9,1536933718
248,1611593479023646,支持国货，中国人从我做起,0,10,1536935309
249,1611578116222979,加油,0,41,1536920658
250,1611591230201860,中俄联手，打倒美帝。,0,9,1536933164
251,1611593818262541,我到目前为止，也没买过美国，日本货，一连三只手机都是华为的，爱我中华！,0,12,1536935632
252,1611586306378756,封存美国车 下架苹果手机 替换GPS 绝不受制于他人,4,376,1536928469
253,1611587941073950,爱好和平，是中国人的美德，,0,45,1536930028
254,1611579489133576,智慧解决贸易问题,0,68,1536921967
255,1611586510296072,支持国家，是我们伟大的祖国更强大,0,78,1536928663
256,1611581512953869,看谁笑到最后,0,27,1536923897
257,1611596999538692,iPhoneXS那么贵，还有40万国人预订。既然买得起的不在乎，买不起的还是买不起，为啥不给苹果加个50%关税呢？,0,7,1536938666
258,1611596408952836,准备买辆车，老婆说买国外的，我坚决不买，为了下一代能扬眉吐气，坚决支持国产,0,8,1536938103
259,1611583002099725,没影响感觉,0,25,1536925317
260,1611589380675588,支持国货，爱我中华，💪💪💪,0,153,1536931400
261,1611579575597069,嘿嘿！咱不怕！,0,51,1536922050
262,1611575959211016,我们扛得住,0,64,1536918601
263,1611586267785219,继续下去看看结果,0,38,1536928432
264,1611594502175758,爱我中华,0,7,1536936285
265,1611577811107854,回答有理有据[赞],0,99,1536920367
266,1611591417016327,有国才有家,0,8,1536933342
267,1611577479155720,中国很强，加油中国,0,245,1536920050
268,1611576015751181,回答的滴水不漏赞一个。,0,284,1536918655
269,1611587262883847,对 讲话方式还是要韬光养晦的 不能正面回答他所有的问题,0,17,1536929381
270,1611590970159182,这个月我不去美国消费了,0,9,1536932916
271,1611587812322312,对,0,10,1536929905
272,1611591197601799,我与祖国同呼吸共命运！,0,8,1536933133
273,1611588419821646,特郎普总统还是自以为是个公司老总,0,35,1536930484
274,1611577996662787,那就一直打下去,0,165,1536920544
275,1611582601750542,就是干它,0,20,1536924936
276,1611575985673219,打到底,0,91,1536918626
277,1611587497304131,有什么谈的，中国人自实其力，加油！,0,194,1536929604
278,1611592026255373,大家先不用导航把gps都关了，，都用中国移动流量导航，不要光喊从这做起，，支持国企[祈祷],0,7,1536933923
279,1611594376016910,支持国货,0,7,1536936164
280,1611595660056589,用了4年苹果，现在换车华为，终于明白还是华为好用,0,8,1536937389
281,1611582259997710,看新闻长知识,0,48,1536924610
282,1611589417107587,影响是有点就是营业值下降了一半多但是还可以竖持,0,10,1536931435
283,1611595141954631,中国人口大国，全力抵制外货支持国货，再说现在国产的产品不比外国的差，像苹果，安利尽早滚出中国，中国必胜,0,6,1536936895
284,1611581994259533,为祖国而战！,0,1041,1536924356
285,1611590482174979,[赞][赞][赞][赞][赞][赞][赞][赞][赞][赞],0,7,1536932451
286,1611587510005901,相信全民族的力量能够稳步前进！,0,138,1536929616
287,1611579217224734,写的不错,0,28,1536921708
288,1611577392959501,老美沒招了，加油,0,114,1536919968
289,1611586496614403,特乌府:大中国全国之力妳是多少算一算吧[可怜][碰拳],0,35,1536928650
290,1611581678517252,狭路相逢，勇者胜！,0,166,1536924055
291,1611592804982787,禁用美国货，没有那魄力啊关键,0,5,1536934666
292,1611594805399556,八年抗日说明中华民族是不可战胜的,0,7,1536936574
293,1611576655555597,奉陪到底,0,79,1536919265
294,1611579386981380,未必是坏事,0,144,1536921870
295,1611593942833165,支持国货[赞][赞][赞],0,6,1536935751
296,1611594472140804,有国才有家，支持国货！,0,7,1536936256
297,1611593258084359,没国哪有家没家哪有我，叫我出征义不容辞，小米加步枪都能打出江山！何况你老美,0,7,1536935098
298,1611595268287491,望国货利用这次机会，认真改善部分产品在国人心中的位置。,0,7,1536937015
299,1611592255299652,"刚好在看一电视片,里面有钱的没钱的都用苹果",0,8,1536934142
300,1611596164104196,支持消费咱们国产大小物品，搞活我们国内企业经济市场，人人献出一份爱国之心，,0,8,1536937870
301,1611576607793165,坚持到底！,0,74,1536919219
302,1611577078553604,反正普通的生活又没有啥影响，家具电器啥又不是只有美国货,0,151,1536919668
303,1611577641119752,挺住，挺住，挺住!,0,167,1536920205
304,1611596643606532,大不了再过几年苦日子。又不是没苦过,0,4,1536938327
305,1611592033329165,相信国家、支持国货！,0,8,1536933930
306,1611591598882823,没事儿的只要不回到60年代就不算事，老美可就不一定喽[酷拽][酷拽][抠鼻][抠鼻],0,7,1536933516
307,1611590816325645,祖国万岁,0,7,1536932770
308,1611593421519876,凡是支持国货我都点赞,0,6,1536935254
309,1611594876099597,比拼意志，比拼定力，看谁先眨眼。事关国运，Come on！雄起！！！,0,5,1536936641
310,1611597987161095,自强不屈！！！,0,5,1536939608
311,1611581766020104,前评论中首句首字更:是美字的误笔，特此更正。,0,16,1536924139
312,1611592946350094,支持国货，从我做起!,0,6,1536934801
313,1611595227773966,我从2010年开始用华为，一直到现在，从未买过苹果手机，有一个朋友送的旧苹果手机也被我扔珠江里啦…支持国货，中国必胜…老美必败,0,6,1536936977
314,1611594122528835,希望国产货挣点气，把质量提上去，比进口的质量还好才行！,0,8,1536935923
315,1611596373771268,支持国货,0,6,1536938070
316,1611591538512004,继续努力加油,0,7,1536933458
317,1611576905149444,我感觉我的生活没啥影响,0,87,1536919503
318,1611591038502920,支持国货，扬我中华神威。,0,6,1536932982
319,1611602546241544,好,0,4,1536943956
320,1611594393614343,宜静观不宜冲动。,0,32,1536936181
321,1611593538615309,希望中国人多买自己国生产的东西,0,4,1536935366
322,1611576368614408,中国加油,0,67,1536918991
323,1611595069708295,手持华为mate10看评论,0,5,1536936826
324,1611583124200462,绝不松手，看谁先溺死在水里。,0,199,1536925434
325,1611589339777027,好，支持。,0,6,1536931361
326,1611592866897933,支持国货,0,5,1536934725
327,1611592368615438,相应党的号召，国货第一,0,7,1536934250
328,1611591055207437,一直打到美帝国主义罢手的时候为止！,0,8,1536932997
329,1611591982931987,中方发言人高水平回答对方！必须点赞,0,5,1536933882
330,1611587725161485,深挖洞，广积粮，,0,8,1536929822
331,1611598286976071,无所谓，反正是买不起[捂脸],0,2,1536939894
332,1611578915687432,干，,0,59,1536921420
333,1611597932966926,支持国货，人人有责！,0,4,1536939557
334,1611581733264388,为什么荷兰人带的头，是不是荷兰人三百年前占领过台湾，有了成在感。,0,10,1536924107
335,1611595051060296,真的好,0,3,1536936808
336,1611596315225101,别对美国抱有好想法,0,5,1536938014
337,1611593769803780,美国是我国最大的债务国，先把爸爸的债还了呗,0,5,1536935586
338,1611596481728516,不买新苹果，看谁赢,0,4,1536938173
339,1611594239333396,不想多说 默默关注我的国,0,3,1536936034
340,1611591671720963,加油我的国,0,5,1536933585
341,1611577085848670,我也没有影响,0,124,1536919675
342,1611580611699720,好热闹,0,44,1536923038
343,1611595916788750,好！,0,3,1536937634
344,1611575956171847,一个奥巴马叫观海，一个特朗普叫法海,0,35,1536918598
345,1611595015349261,损失大也不怕，重要的是坚持到最后，比的是韧性。,0,5,1536936774
346,1611593879139469,炎黄子孙，支持国货,0,6,1536935691
347,1611591165272237,为祖国点赞👍,0,5,1536933102
348,1611594951924743,支持国货,0,4,1536936714
349,1611592605733896,前几天采购的设备，果断选择国货。,0,3,1536934476
350,1611594005564424,我已把雪弗兰科迈罗卖掉换成了长城VV7！支持国产 从我做起！,0,3,1536935811
351,1611594023200775,一切支持国货，从我做起。,0,4,1536935828
352,1611591949148179,得民心者得天下,0,4,1536933850
353,1611597803639816,国际争端，我们从来没有输过！！！,0,4,1536939433
354,1611576241921038,没影响,0,57,1536918870
355,1611591720512520,尽管放马过来！,0,3,1536933632
356,1611576634370116,美元升值，我国持有的外汇也升值了正好补回损失,0,82,1536919245
357,1611595567388686,哒哒哒哒哒，射向美国,0,5,1536937301
358,1611575879491597,挺住,0,100,1536918525
359,1611578330304519,我没觉得咋样，生活愉快,0,122,1536920862
360,1611575873801219,在小也要对抗,0,129,1536918519
361,1611590677666887,从不用苹果，除了买不起更多是爱国[捂脸],0,9,1536932637
362,1611576317189128,敦促，倾听,0,32,1536918942
363,1611583112578052,国人用国产品牌，方可体现爱国[赞],14,2397,1536925423
364,1611587148824583,这是美国人在打心里战！我们应该相信国家！支持国货！,0,1127,1536929272
365,1611578729430023,不惧美帝！奉陪到底！[酷],0,1204,1536921243
366,1611580800497668,团结一心，没有过不去的坎,0,1621,1536923218
367,1611586277664775,我有二个50吨保鲜库，也只是用个华为手机，不是因为穷，拳拳爱国心！,2,77,1536928441
368,1611582491251720,我一家从不用苹果，支持国产,0,51,1536924830
369,1611583906952221,中国，伟大！,1,67,1536926180
370,1611599971745821,我用了三块手机全是华为的，真的很好用。,0,7,1536941501
371,1611586531975176,中国人民不信邪，团结一心，坚决与美帝斗到底，,1,937,1536928684
372,1611576783732740,只有做大做强自己，科技&设备&核心技术武装好自己，才能硬骨霸气狠怼挑战抵抗任何宵小龌龊无礼无耻下流下作的伎俩&要挟,0,58,1536919387
373,1611596114279437,中国人用自的产品，振兴中华,0,9,1536937822
374,1611589673760782,有战必应，有战必亮剑，不管是经济战还是军事战，这才是大国风范。,0,13,1536931680
375,1611580737406990,见外国车不买,0,31,1536923158
376,1611575750240263,太棒了,0,85,1536918401
377,1611576895227912,奉陪到底。,0,63,1536919493
378,1611582430230535,来啊，互相伤害啊！中国人从来就没怕过美利坚,0,17,1536924772
379,1611586115033096,支持中央一切决策，万众一心，同仇敌忾。,0,47,1536928286
380,1611584586236942,禁止波音和苹果进入中国,2,36,1536926828
381,1611595393005639,携手共渡难关，我们与祖国同在！,0,6,1536937134
382,1611595121830990,只要坚持改革开放，只要紧紧依靠十三亿中国人民，中国就能立于不败之地！,0,7,1536936876
383,1611597029478407,为所有爱国者点赞！抵制日美，支持国货！有钱不是错，崇美媚日就大错特错了！,0,9,1536938695
384,1611578655337476,"就目前为止，谁疼了谁知道。
要谈就谈谈 ，要打随便",0,35,1536921172
