﻿,id,comment_text,reply_count,digg_count,creat_time
0,6808825223924826125,美帝是铁了心要跟中国干到底了，希望国人提高警惕，做好与美帝长期抗衡的准备。,9,24255,1585303160
1,6808829846249996296,为这事劳心不如快刀暂乱麻，收复！[加油],4,19918,1585304236
2,6808829060530470927,前段时间和最近，美国在台湾问题上真可谓忙得不可开交。出台了多个关于台湾的美国内法案，大有把台湾揽为已有之势。但是台湾无论是过去丶现在、还是将来，始终是中国领土的一部分。美国对台湾就算有十万个法案都是徒劳的。我们只需要一个反分裂国家法就足够了，统一台湾是必然的。,1,5084,1585304054
3,6808825094522372104,直接反击就是了，打其七寸，让他们沒有还手之力。,2,10815,1585303130
4,6808825756664905739,有必要试射导弹先练练手了,0,4940,1585303286
5,6808825401302155271,其实它自己都明白，一张开给盘中菜的空头支票而已[呲牙][呲牙][呲牙],0,1770,1585303201
6,6808827378040209419,对美国不能抱任何幻想.应随时准备战斗,0,5444,1585303663
7,6808826857300295684,原则问题不能轻视必须反击，不能让他得寸进尺。,0,3404,1585303542
8,6808828812869566467,支持反击！以斗争求团结则团结存，以妥协求团结则团结亡！,0,2504,1585303998
9,6808830489366380557,还是早作准备比较好，做最坏的打算，朝最好的方向发展！,0,1770,1585304386
10,6808827928533745675,想到伟人说的话：我们一定要解放台湾,0,2220,1585303791
11,6808828298698407936,《反分裂国家法》可以发布了,1,1910,1585303877
12,6808827754021814280,国家间博弈没你随便说说那么简单，中国努力做好自己的事，尽快使国家强大，那时反击就简单了。,1,673,1585303749
13,6808828126651662349,是时候考虑两点了：一是采取一切手段尽快解放台湾。二是更加加倍而强硬反制美国。,0,1592,1585303836
14,6808827605639348239,中国还要考虑米国脱钩计划（部分），提早布局,0,788,1585303715
15,6808829766729990159,可以向美表示考虑中美断交，看米国咋办。,0,1338,1585304219
16,6808827035184955404,希望国家拿出实质性的措施反治美国，,0,1612,1585303583
17,6808826741659254792,特朗普：我只是想要钱。,0,375,1585303513
18,6808832188596256775,这就是美国的本性，台湾问题宜早不宜迟！,0,996,1585304781
19,6808831044935696397,修改《反分裂国家法》,0,492,1585304515
20,6808832252550709248,美国在中国采购，必须黄金支付：。,0,742,1585304797
21,6808828683496325128,好了，這樣中國可以放開心態，和美國週旋，如國家分裂法，統一時間表，大戰略佈處，各個地域陣營的安置，世界格局一定要變，等時機而己！,0,370,1585303966
22,6808829629810704384,我们可以答依朗法案阿富汗法案。,0,230,1585304187
23,6808828947443384331,巳抅成友分例法条件了,0,158,1585304028
24,6808832828366061580,就想说一句，新冠肺炎请在美国放飞自我自由飞翔！[笑哭],0,364,1585304932
25,6808832682614243331,这样好，让国人对美方的警惕不会因两国元首通话而急着去疫情的援助。时刻准备着！,0,473,1585304898
26,6808832630067511304,中美之战不可必免。中国必胜！,2,569,1585304884
27,6808829643622678528,中国在此主权原则问题上应该有正确的反应！,0,547,1585304190
28,6808829535321145344,对美帝不要抱太大希望，要做好准备，和美帝打一场长期的消耗战,0,428,1585304164
29,6808828568676728836,丑国是个不能公开叫敌国的敌国 我们预先做好与它打交道的方案 免得处处被动,0,154,1585303940
30,6808827489977237504,反治，坚决不许任何人出口防护物资给美帝。,0,462,1585303688
31,6808829133595492366,希望国家拿出实质性的措施反治美国！,0,440,1585304070
32,6808831109884379147,中国应着手制订反《台北法案》,0,225,1585304532
33,6808829692578627587,美帝选择的时机不好，需要中美合作的时候偏偏搞事情,0,113,1585304202
34,6808831706208927759,措施：一：与美国关系降为代办级别。 二：对台宣布处于战争状态。 三：时不时把导弹穿越台岛，射向东海。四：封锁台岛周边。,0,479,1585304670
35,6808829753097781248,面对困难需理性＋果断，从来没有万无一失，只有成败输赢！,0,200,1585304215
36,6808829481688547342,干脆解放台湾，东方快递各种型号，包括该用的都用 ，爱国的台湾侨胞请自觉到第三方等待。焦土,0,237,1585304151
37,6808829721523552259,手伸得太长，小心闪断腰[机智],0,128,1585304209
38,6808829616766173184,反复无常，玩来玩去，形成更多的筹码。,0,136,1585304183
39,6808831147297669135,经常绕台，飞机，军舰试探着越过海峡中线试试,0,108,1585304540
40,6808829602048491532,断绝对美物资供应，以及其他的相关国家的,0,160,1585304181
41,6808829192319631360,应该立急釆取有效措施,0,110,1585304085
42,6808830914018590731,如果我们把东风21D卖给伊朗，我们必定遭美国“制裁”，那美国推出《台北法案》，我们也应给予美国相应的制裁！,0,197,1585304486
43,6808925272369856523,对美国不能抱有希望,1,33,1585326460
44,6808838189189611527,准备吧，美国在一帮政客的劫持下正在一步步走向疯狂，现在可以说除了军事直接对抗以外已经全面开火，再进一步就是军事对抗。我们虽然没有美国先进强大，但是打赢这一仗还有信心。,0,142,1585306178
45,6808859108138811400,坚决打击，决不留情，只有斗争到底才能胜利✌,1,66,1585311049
46,6808834854462554119,千万对美国别报任何幻想，时刻准备着,0,171,1585305402
47,6808846927837839367,美帝就是跟我国干上了，台湾问题只是一个借口而已，随时准备战斗吧！,2,152,1585308213
48,6808833868637454343,帝国休兵60天，60天内打它个措手不及，一劳永逸。,0,114,1585305173
49,6808843963957542912,美国在故意挑唆台加上，引我国进入台海战争，使我沿海经链条遭遇破坏，如果能拖长战事，就能控制中国发展进程，其用心之险恶，比毒蛇更尽。长期以美国在中国周边不断寻找战争代理人，先是钓鱼岛，欲引中日互斗，后用黄岩岛，仁爱礁，欲挑唆菲律宾，再唆使印度，又挑唆印尼，等等恶行，绕我国周边或入南海，台湾海峽。,0,32,1585307524
50,6810522095349956616,轻视不得啊！,0,1,1585698244
51,6809177696284459016,"坚决抵制强烈反对特朗普签属所谓的“台北法案”，决不允许干扰中国内政！
必须对其错误行为立即停止！💪💪💪",0,1,1585385227
52,6808844211174146060,现在是解放台湾最佳时期，天时，地利，人和全具备，只欠一声令下东风,1,221,1585307582
53,6808886952503705611,美帝就是跟我国干上了，台湾问题只是一个借口而已，随时准备战斗吧！,0,6,1585317533
54,6808842722145992715,美帝一直在挑衅，意图挑起战争转移国内矛盾。而且这一次还必须是大战才能起效果！所以打还是要打的，但是必须的拖到美国国内完全爆发的时候。称他病要他命！[大笑][大笑][大笑],0,32,1585307235
55,6809045393033248775,美国怎么这么坏呢，四处祸害别的国家,0,0,1585354422
56,6808833778375950339,运回黄金，抛售美债，减少赴美投资，为中美发生冲突做准备，,0,214,1585305153
57,6808842946717302787,不能只考虑发展，有些事不一定会如你所愿，该反击的还是要反击，如有人不知天高地厚，非要打上门来，该出手时就出手，好象老美又忘记了朝鲜战争和越南战争的教训了。,0,94,1585307288
58,6808842815729401860,如果大陆下决心利用今年的战略机遇，一举解决了台湾问题，那就彻底免除了国际上别有用心的国家，利用台湾问题对中国的要胁。,0,132,1585307257
59,6808842248797634571,可以借此理由解放台湾。目前全球正在爆发疫情，我国基本控制，是天载难逢的机会。,0,152,1585307125
60,6808841621174730767,没有任何力量可以阻挡中华民族伟大复兴。,1,13,1585306978
61,6808963738084261900,还与美拉拉扯扯的干嘛。放弃幻想全面反制。让美国感到疼了才有觉悟。强权国家是没有人性的。碰他一碰有何妨？以最快速度把台湾拿下一切问题就迎刃而解！,0,6,1585335428
62,6808846470092668942,武统台湾，美国敢干涉就消灭它的舰队和亚洲军事基地，早晚一战，何惧早战！,0,126,1585308107
63,6808841416925069316,国家智囊团应该好好研究如何对美国软肋下手，不要我们只是被动抗议，美国人对我国进一尺，我国就该回敬去一尺，美国人是狼终究要吃人的,0,58,1585306932
64,6808837496940888079,妖风四起，天昏地暗。有黑手伸进，有内贼作乱。可怜啊，美丽的宝岛台湾！你让我牵肠挂肚，我为你彻夜难眠。我巴望着，巴望着，你与我共享灿烂的那一天！,0,39,1585306018
65,6809037147292057600,我觉得现在或者再过段时间是武力统一的最好时机，这是西方给中国的窗口期，这个窗口期刚刚开始。,0,2,1585352505
66,6808834235760230404,应该尽早的解决台湾问题，祖国的统一才能让别有用心的“小人”闭口。时间拖的越久，他们以后的“法案”越多，伸手台湾事物的“借口”越多。,0,176,1585305260
67,6808836287836471310,反击第一步立即公布统一台湾时间表召告全世界。第二步同步起动反分裂国家法。第三步封锁台湾经济，在台湾海峡全天候軍事大演义！,0,35,1585305736
68,6808844017754226700,现在是绝佳收复台湾的好机会，机不可失，失难再来。,0,145,1585307537
69,6808842783906889731,想让美国人改变战略很难。进攻才是最好的防守。,0,130,1585307249
70,6808843272858402829,大家看清楚了美国:就不要在抱有希望:准备好战斗,0,79,1585307362
71,6808842533360877571,他签他的我们准备我们的，把台弯解放了美国没了棋子他还靠什么支援撑，长痛不如短痛，留岛不留人。,0,61,1585307192
72,6808843413719465998,一边请求中国帮助抗疫，一边签署《台北法案》，美国的丑恶嘴脸和险恶用心，暴露无疑！,0,25,1585307395
73,6808844787111411712,拖得越久，困难越大。等我们强大了，敌人的阻碍也多了。管他啥子法，快到暂乱麻。,0,93,1585307716
74,6808842696929607695,立马解放台湾，不能再推了，如美军敢出动一炮定治，全力支持打一仗竖国威,0,74,1585307229
75,6808843454177918976,《反分裂国家法》可以启动了，准备血战，放弃幻想。,0,92,1585307405
76,6808829445165219853,想法把黄金运回来，想法抛债卷，想法把在美国的科技人员，华人，留学生逐渐回来，经济少来往，逐渐不来往，免得以后让美国抓住把柄。封锁十年照样活才行。,0,53,1585304143
77,6808842973309190155,&违反一中原则应该与美断交,0,97,1585307294
78,6808857085750280199,少说多干吧！美国不撤法案，不卖给美国医用物资；埋头发展经济；大力发展蓝色海军；帮助伊朗在中东对付美国,0,50,1585310578
79,6808844141066993664,什么都不说，加班加点制造核武器，高精端武器，准备战争，我们别无选择，只有杀出一条血路，一战定亁坤。,0,64,1585307565
