﻿,id,comment_text,reply_count,digg_count,creat_time
0,6711136704285523980,如果美国的制造业高出中国，那么对美国来说是绝对不亏的，奈何30年河东30年河西，中国的制造业一骑绝尘，远高于美国，以前美国对付苏联和欧洲其他大国的手段现在能起到的作用微乎其微，继续斗下去，两败俱伤，甚至对于美国来说是杀敌800自损一千的赔本生意，不划算，借着G20赶紧和中国协商解决问题,1,1706,1562558282
1,6711157228168413187,其实问题在自身上，你增加中国关税，确实将中国产品挡在门外，但那些产业饼那个没有回到美国，而是去了东南亚。自身制造业没增加，反而因为中国报复性关税导致自己的农产品又卖不出去。根本原因还是自身生产成本高，无法使制造业回流,0,816,1562563061
2,6711135362842361868,贸易战就是战争，没有所谓损失大少之分，只有谁能够抗得住，谁能抗到最后。,0,2033,1562557970
3,6711182639337930764,关键是信誉损失，美国产品这次全部丢掉信誉，联邦快递也变成警察，以后的后遗症就是所有中国企业都要弄一手防止被美国制裁的手段，能不用美国货坚决不用。面对不断崛起的大市场中国，美国货和美国公司将分不到一杯羹。,0,803,1562568978
4,6711157476429250564,贸易战之后发现从美国代购来的手机电脑配件价格高了好多，本来以为是关税问题。毕竟贸易战了，但是代购的人说是美国国内出问题了，人家这个从其他国家转过来的贸易战不影响价格，除非国内出事[抠鼻][抠鼻],0,176,1562563118
5,6711170499340648455,美国显然低估了中国的实力，以为像以前的日本，苏联，苏联只有重工，偏科，而日本则是被保护国，广场协议是强压的结果，而现在之中国有足够强的国防，有全面的工业系统制造，旗鼓相当，半斤八两，,0,483,1562566151
6,6711147517121773571,现在伊朗的战争肯定打不起来，除非伊朗自己先宣战和攻击美国。对美国而言，打伊朗本身不是问题，但是由此导致的一系列问题，已经远超美国的控制能力，出现失控,0,303,1562560800
7,6711144330813259779,美国是封闭市场，要想从此过，留下买路钱，中国是开放市场，世界是几大市场？少你一个美国，中国照样生存，而美国掠夺世界果实，派出打手，耀武扬威，最后也是，竹篮打水一场空。,0,292,1562560057
8,6711198900352466956,不要高兴太早，这才刚刚开始。不打恶战，恐难结束。以后美国各界总统，都会拿敌对中国当选票。只有恶战，打痛它，打痛世界经济，才叫恶中取胜。今天怕痛，以后会更疼。,0,466,1562572763
9,6711136078088503299,既然贸易战能让美国损失惨重，我们就与美国关停所有的贸易。,0,414,1562558136
10,6711207396767350795,价格便宜，加25%还是比别人便宜。美国的只要有替代品谁还愿意用呀。,0,67,1562574742
11,6711148082832113676,美国霸权的实质是美元霸权，贸易战若长期化，中国必然会设法消弱美元（美债，石油美元等〉，如果运做得当，能很快消弱美国实力！,0,215,1562560930
12,6711192124446654471,中国这么多人，全世界这么多人，会啥的都有。不会缺人才的。重赏之下必有高科技人才来应聘。一定要保护好顶尖科学家，要配备保镖，保姆，司机，厨师，安全管理员等一切必须的。,0,114,1562571186
13,6711155580784279560,客观来说，贸易战对美国来说只是皮外伤，美国暂时没有找到能替代中国的加工贸易地，对于中国来说，内伤比较严重，但是中国的内伤，美国一些高科技禁运也确实让国内的企业感受到了巨大压力。也让中国清晰认识到国际贸易的严峻性和核心技术的关键性。,0,483,1562562676
14,6711196658786516995,美国战后搞死过几个世界老二，这一次本以为理所当然，结果没想到却碰了钉子,0,84,1562572242
15,6711149172202438660,贸易战可以由你美国挑起，但打到何种程度不能由你说了算，不趁这次机会打怕它。以后它还会使坏。,0,234,1562561185
16,6711140474042302477,加增关税必须全部取消！霸气！必须如此！！！,0,138,1562559160
17,6711120284915154957,这是消弱美帝的好方式。不要和美帝谈判了。,0,181,1562554459
18,6711166786752643086,早点去美元化 抛售美债吧 赚再多钱又被美国借走有什么用,0,64,1562565288
19,6711185258471243784,来来我来粗略分析下，中美贸易战最好的结局。美国适当放松高科技对华禁令，中国趁机缩短差距。中国适当多进口美国商品，减少美国贸易逆差！,0,24,1562569587
20,6711113666177548292,别浪费精力财力费了，老特不占大便宜照样撕毁条约。,0,192,1562552919
21,6711196791150919687,美国将在贸易战中，走下坡路，也是世界人民乐见的。,0,47,1562572273
22,6711140358023020555,"损失是双方的，勿庸置疑，但中国必须应战,这是美国挑起的，我们不能认纵。",0,135,1562559132
23,6711160012045664267,我已做好缩衣节食跟国家一起同甘共苦的准备。,0,75,1562563709
24,6711190574072561676,美国停止贸易战也是为了打伊朗作准备,0,25,1562570827
25,6711144166120882180,肯定是美国。这种战争美国永远不可能赢中国，除非美国改变自己的政治体制，不然只能输。,0,48,1562560019
26,6711143790998667267,最关键的美国人不如中国人能扛！中国人扛得住，美国人扛不住！！！,0,68,1562559932
27,6711160077673398276,美国的思维还停留在上世纪，建议重视中国的实力和地位。放下身价谈谈，不要用对付苏联和日本的贸易手段对付 大中国,0,42,1562563723
28,6711139574041231372,贸易战打了几个月，反正到现在俺还没感觉到,0,57,1562558950
29,6711167494675611656,贸易战打的不只是是利益，更主要的是尊严，主权，平等和规则。,0,77,1562565451
30,6711155689177628685,美国的那些芯片软件等高科技不卖给我们国家难道卖给非洲吗？所以贸易战美国必输,0,56,1562562702
31,6711162033498849283,中国只要有芯片和稀土就不怕...八年抗战都挺过来了...中国必胜[碰拳][碰拳][碰拳],0,46,1562564181
32,6711158262282502158,打铁还要自身硬，加大研发力度，能不从美国进口就不要从美国进口，把它好好凉凉,0,55,1562563302
33,6711169319222804484,反正我没感到贸易战对我啥影响，让美帝去搞吧。,0,40,1562565876
34,6711162043804172292,不管谁损失大小，这是由美国单方面发起，总要得反制！,0,44,1562564182
35,6711136592855580683,最多的损失是美债卖不出去了，美国经济负增长，美元快完了，赶紧买黄金吧。。。。,0,49,1562558256
36,6711173030657343495,我们什么都不怕！用毛泽东（毛主席）话，自力更生！艰苦奋斗！奋发图强！坚决和帝国主义干到底！,0,43,1562566740
37,6711141407870173196,市场多会被替代到时候互相脱离，中美到时候成为各自一个阵营国内各自清洗掉，世界开始两级分化美国开始往下跌。,0,26,1562559376
38,6711163589531090957,谈可以，是美国发动的贸易战，美国必须赔偿中国的损失，否则中国在世界上会损失信用。,0,33,1562564542
39,6711134960688136195,必须是美国损失的，从股市中就说明问题。,0,49,1562557876
40,6711199831018536973,美国的毛病不能惯着，奉陪到底！,0,31,1562572981
41,6711225743999107080,从当年中国说中美经济贸易你中有我我中有你，合则两利战则两败。可以看出中国早做好与美国打贸易战准备，即使开打，中国经济发展会受到一定的阻碍，但美国经济一定会致命的伤害。从华为反击事件搞得美国手忙脚乱就可以看出，中国早搞好了经济领域的三线建设。,0,12,1562579013
42,6711309207943626763,新闻上天天宣传的内容都不妥，成天说加税对美国消费者的影响，美国加税是加到美国人的头上了。现在看明白了吧，美国加税，实质上就是限制中国商品出口，限制中国制造业发展，新闻应该多宣讲这方面的观点,0,7,1562598447
43,6711225347062398983,老美认定了贸易战是对付中国的王牌，所以无论谈判结果如何，贸易战都不会停止的。这是考验一个国家的忍耐力和民族凝聚力的时刻，加油中国！我们没有退路，我们不能输也不会输！,0,23,1562578920
44,6711288629324726275,说美国的损失较惨重，也言过其词了吧！中美都是经济大国，这点量在两国各经济都为一，二十万亿美元的总量中，是微不足道的。但是，其影响是巨大的，是深层次多方面长远的。,0,2,1562593654
45,6711305581170737166,特朗普是恶棍逛街没有人敢惹，打遍天下没有对手，是虎牢关前的吕布。美国不容许别的国家赶上美国，要想保持正常的中美关系，就必须针锋相对，绝不能自残。中国需要的产品美国不卖。,0,2,1562597602
46,6711257295336587278,对中国来说这是一场只准胜不能败的战役，两败俱伤也在所不惜！因为美国人的强盗逻辑，有了第一次就会有第二次！中国也不是08年那时的中国了！中国加油[加油][加油],0,7,1562586359
47,6711409988541595661,贸易战是战争的另一种形式，战争期间，双方都是亏的，都要付出代价，关键是看战争的结果，看谁战胜了谁。在没有分出胜负的情况下，贸易战是不会结束的。,0,5,1562621920
48,6711250446117339150,不知道。拿数据来。[大笑][大笑][大笑],0,2,1562584763
49,6711229129955835918,现在来说，谁损失大并不那么重要！谁能坚持到最后才是关键！特朗普现在就是赌中国坚持不到最后，显然是他错了，因为中国人民的忍耐力是他无法想象的！,0,20,1562579801
50,6711276155011809291,中国的制造业是世界上最齐全的，美国现在很多东西自己已经没有工厂生产了，打贸易战就是拼的耐力，看谁能笑到最后，我认为，美国应该会打伊朗的，转移国内矛盾,0,3,1562590750
51,6711437161407234055,中国人口多市埸大，不怕任何国家的制裁，。,0,0,1562628243
52,6711312612481040387,请求美国打掉华为。。。国人受骗,0,2,1562599239
53,6711384791801511950,中美开战，中国让全世界都认识到：美帝国主义是可以被打倒的，就是一只纸老虎。,0,0,1562616081
54,6711241144199725070,贸易战是表象。目的是通过贸易战打垮中国。我们要做好长期抗战的准备。万众一心，打垮美帝,0,21,1562582599
55,6711462574200324099,美国把对前苏联及欧盟的手段用在中国身上，结果毫无作用。,0,1,1562634156
56,6711233081426853895,中美贸易战不亚于中型战争，因为打的就是国运。,0,10,1562580722
57,6711422168598741005,别的不说，大豆那是深有体会。昨天刚卖出去3000吨化肥，就是巴西那边种大豆用的。估计那边的巴西人现在一定合不拢腿,0,1,1562624751
58,6711238063659876366,帝国主义都是纸老虎.这句话没有错,0,12,1562581882
59,6711303475760480264,不用看也是美国损失大！,0,1,1562597112
60,6711248429701660675,拖他们，让他们不断地损失，不断地失血，放缓谈判节奏，拉长谈判时间，让他们知道随意制裁别国是要付出代价……而且代价沉重,0,10,1562584294
61,6711281045305999372,这个老二不一样了！老二的制造业远超美国，老二是绝大绝大多数国家的最大贸易伙伴，更多怕的这个老二拥有最大最有消费能力的国内市场！,0,5,1562591888
62,6711299124434255885,这是挑战也是机遇，中国讲规则的机会来,0,0,1562596098
63,6711238879242584076,美国损失多少，你不用去瞎操心。做好自己的事情就好了。,0,12,1562582073
64,6711452989234233357,特朗普说是中国,0,2,1562631925
65,6711241006077476871,说对了，能不用美国货坚决不用。只要自身强勁，任何敵人都不怕。奉陪到底。而且看谁能抗得最后。这才算诀。,0,8,1562582567
66,6711246948726325256,当然是美国损失大，发达国家之所以发达原因就在于，利用高效工业产品占领市场换取，不可再生资源，现在停了他没地方卖就等着经济危机吧,0,5,1562583950
67,6711224805615566859,美国的制造业空心化，人力成本高，打贸易战理论对美国不利，遏制中国高科技之前美国经济就扛不住了,0,8,1562578794
68,6711219689043394567,什么都别比，努力做好自已，发展壮大了自已后一切对手或敌人才能真真正正的变为纸老虎。,0,10,1562577605
69,6711245653747941388,个人觉得己征关税不会取消，除非美国陷入伊朗战争。,0,5,1562583649
70,6711253072485810188,美国认为自己是世界老大，霸王，谁知我们不吃它那一套，我们的方针对的，打也行，谈也行，要平等，互利，不能它想怎么干都行。,0,7,1562585375
71,6711222718744494084,如果贸易战美国的损失比我们大，愿一直打下去直到美国跪地求饶。,0,7,1562578310
72,6711264924993486856,中美贸易战，不管结果如何，看国内媒体报道一定是中国能扛，美国受伤，中国胜利，美国让步。,0,3,1562588135
73,6711364418464382989,美国的地理位置决定了只有世界不太平，它才有发展的优势，一旦世界和平了，美国就被边缘化了。,0,1,1562611319
74,6711435486411407367,即使美国不打了，咱们继续打下去，坚决把美国打趴下,0,3,1562627849
75,6711139786134159371,不和美国过一过手，还真拿咱当病猫了，知道疼了，下回又要换个啥损招,0,25,1562558999
76,6711648882612469768,达成协议的前提是中国刚被加的关税必须全部取消 ，霸气,0,4,1562677531
77,6711276190524882956,管他谁的损失大，只要他打就和他打下去，以中国现在的能力，足以能够般到他这个弱肉强食的国家，为全世界人民争口气。,0,3,1562590758
78,6711277992129576964,中美关系，美国人步步进逼，愈紧套索！中国人民当高度警惕，切不可掉以轻心。,0,3,1562591177
79,6711120362962386957,两败俱伤，他人得利,0,75,1562554477
80,6711399328575094798,贸易战让中国人学会了很多东西！这才是最大的收获！帮助世界认清了美国人真面目，美国人翻脸比翻书快！,0,2,1562619446
81,6711317490397822987,华为手机全国修不好,0,1,1562600376
82,6711273907762610179,大国搏练，他国受益，加快追赶步法。日本，以色列，韩国，越南！,0,3,1562590227
83,6711275032792104968,我就觉得猪肉涨价了，其余没啥感觉,0,1,1562590488
84,6711263515799355399,美方加征的关税必须全部取消，这是中国人谈判先决条件，否则不谈，要打要谈奉陪,0,4,1562587807
85,6711271377854791683,在中美贸易中不能让美帝剪羊毛和切香肠!,0,3,1562589637
86,6711324522303422477,贸易能打赢，何必动武行。给它打个十年八年的。我先出一千万。账号呢？,0,1,1562602014
87,6711300616729427980,关键美国和西方国家穿一条裤子，怎么能把它们分化瓦解开，就是胜利,0,1,1562596445
88,6711487605881978893,既然美国损失惨重，那就继续打贸易战，直至彻底消灭美帝。,0,0,1562639984
89,6711272548715954190,如果你家周围有两个超市，时常打折搞活动，关了一个的话，你看看还会有打折吗？,0,1,1562589910
90,6711288547192340488,美国都把产业转到国内了，比如“保洁”，有多少日用品是自己国家的？不都是在帮美国赚钱嘛？,0,2,1562593635
91,6711288046781906955,对中国影响不大，同期人民币贬值已抵削了关税。,0,1,1562593518
92,6711252879736750091,我们可没有什么感觉！,0,3,1562585330
93,6711280460439896067,怎么不可以出口到没有贸易战的国家，再进口回来，这样关税就没有了。,0,2,1562591753
94,6711235815600766983,对！要谈就全部取消先前加征的关税。一步到位，绝不能拖泥带水，后患无穷。,0,3,1562581358
95,6711256544622739469,美国若再反复无常，中国则再不谈判。,0,4,1562586183
96,6711276078713389067,自己为有天蚕脚，要把所有国家踩在脚下，可这回天蚕脚踩到钉子了。,0,1,1562590732
97,6711303116069224461,对中国来说就是弄死美国的机会,0,0,1562597028
98,6711292724362493963,狭路相逢勇者胜！中美在争夺世界老大上总有一拼！这只是前凑！,0,0,1562594608
99,6711453197653213198,缺制造业还打贸易战，不进口质优价低的中国产品还有其他选择吗？,0,0,1562631974
100,6711218589149937677,美国损失大，那就好好打下去！和美国硬怼下去！[大笑][大笑][大笑],0,3,1562577347
101,6711240624881893379,不谈判，继续打，中国不怕,0,3,1562582477
102,6711288495396880397,这次贸易战是美国挑起，谈好又打，打了又谈，真的像小孩过家家。,0,1,1562593623
103,6711225924295098379,必须这个词用的好,0,2,1562579055
104,6711299841941110791,不信吗特朗普，伤敌一千自损八百，这是古话,0,1,1562596265
105,6711211019769053188,我认为这才是国家强盛的一种表现,0,5,1562575585
106,6711254042133528583,现在中国人大部分都是苦过来的，从90后才慢慢发展起来，美国没中国能抗,0,1,1562585602
107,6711233468682076164,老美在玩自杀，挡什么挡,0,5,1562580811
108,6711231618746613774,丛林法则，弱者爬下。3比3平，各退一步。你好我好大家好。,0,5,1562580380
109,6711304103152697358,建议继续打贸易战，不要和美国，和好，一直把他拖向死亡的深渊，为世界除去这一毒害,0,2,1562597258
110,6711273629122314251,别看内容，肯定是美国损失大呀,0,1,1562590161
111,6711285340109881351,谁都不亏。就跟没发生一样。,0,1,1562592888
112,6711218540919635972,嗯嗯，勒紧裤腰带再坚持一下，美国马上就要输了。,0,4,1562577336
113,6711303549990731790,最后一句我强烈支持。,0,1,1562597128
114,6711309024610729991,都是国人高昂的言语，你说谁损失大？,0,2,1562598405
115,6711274554763182093,中美贸易战，会停止吗？想想看。,0,1,1562590377
116,6711288541131522052,人类的潜意识是好战的，一段时间不战就难受。,0,1,1562593634
117,6711225182042341379,半斤八两。但我认为美国会略吃亏。因为中国最大的特色是大规模廉价劳动力，带来的生产力影响着整个世界,0,2,1562578884
118,6711277761954447364,美国很强大，但是中国体量太大，不是想制裁就制裁的，不过特朗普及其他美国人明白过来需要点时间,0,1,1562591123
119,6711233404677242893,请日媒多关注和计算一下你们日韩贸易战的得失吧,0,3,1562580797
120,6711209926096011272,既然是战，就不是谁损失大小的问题。就是只剩一个人，那也是赢。所以丢掉幻想，不惜一切代价，打赢才是关键。,0,5,1562575331
121,6711269585293148172,最后这句话是重点,0,1,1562589220
122,6711219544519917575,,0,4,1562577569
123,6711333028863918087,中美贸易战，谁赢了，往后五年，主动打战者，能打赢多少钱，能打赢多少市场。,0,1,1562603998
124,6711215588691378189,下一步是从军事层面上较量！,0,3,1562576648
125,6711310711035314180,贸易结束是战争开始，战争结束贸易就开始,0,0,1562598797
126,6711234920620654599,就是一个大家再去世界找朋友的过程,0,3,1562581150
127,6711285805468106759,美帝都快垮台了，就是美股还在2万点坚挺一下，欺骗世人。,0,1,1562592997
128,6711257513213296651,我看不懂，这可能是南京的算盘！,0,2,1562586409
129,6711278827764891661,只是在统计美国损失？,0,1,1562591371
130,6711259331864215564,举国之力，小狼浦能抵抗的了？中国必胜！,0,1,1562586834
131,6711410437684281356,没感觉啊！,0,1,1562622027
132,6711218025036513288,看看股票就知道了,0,3,1562577215
133,6711306588361539596,必须要跟美国来硬的[发怒][抠鼻][酷拽],0,0,1562597836
134,6711464136758902797,中美本来可以互惠互利，一起发财的，互相尊重着活在这个星球上不好吗？,0,0,1562634520
135,6711285776287907851,搞，要搞就搞大点。,0,0,1562592990
136,6711310033134714888,看大A就知道了,0,1,1562598638
137,6711255049680846852,反击！好钢用在刀刃上！！,0,0,1562585837
138,6711339614957486087,日本阴险评论,0,0,1562605537
139,6711285405792272392,美国会设置新的贸易战借口。,0,1,1562592903
140,6711210894363361288,白宫那个儿童 算不了这个账！[灵光一闪],0,2,1562575555
141,6711236689996120071,呵呵，不相信媒体所说的！！,0,0,1562581562
142,6711220303445950476,都这么久了吗？,0,3,1562577747
143,6711398014914789384,世界新型无销烟的战争。,0,1,1562619140
144,6711295098808451085,这好像不是日本媒体说的吧,0,0,1562595161
145,6711202187907137550,谁破坏了规则就应为基买单！虽是弱肉强食的世道，但也有涅槃重生的盛也！,0,0,1562573529
146,6711400032522076167,算了，不添堵，糟心……,0,0,1562619613
147,6711257349870747656,旁国得渔翁之利。,0,1,1562586372
148,6711269619694927884,中国产品首先人民需求,0,0,1562589228
149,6711254509135904782,我觉得差不多，不能单纯比数字。美国的体量更大。,0,0,1562585711
150,6711248386106114059,最后一句霸气,0,1,1562584284
151,6711304291094970379,看来这里评论有很多专家啊！,0,0,1562597300
152,6711284278715940876,都一年了吗？,0,0,1562592641
153,6711216325261344771,不打不相识嘛,0,1,1562576819
154,6711272803360489485,习惯了就好了,0,0,1562589970
155,6711251389907075079,纸老虎,0,0,1562584983
156,6711231593522315276,论持久战,0,2,1562580375
157,6711256641717157899,没鸟用,0,0,1562586207
158,6711245335257841668,支持,0,0,1562583575
159,6711314445823541252,来过,0,0,1562599666
160,6711222676444889092,阅,0,0,1562578301
161,6711299892679491596,坚持到底,0,0,1562596277
162,6711429177280741383,继续,0,0,1562626381
163,6711231624849555463,劳资听过最大的笑话就是我4亿人要制裁你14亿人。,0,1,1562580383
164,6711332019538051086,这贸易战须然经济会有一定影响，但是打的值得，让美国狗失去信用，,0,0,1562603761
165,6711333450693754883,只要硬刚美国，就绝对支持祖国，没有理由，就是这么二的愚昧的爱国青年！,0,0,1562604097
166,6711257381826805773,不要接受米国佬的贸易谈判，让特朗普悔青肠子并下跪求中国的时候再考虑谈,0,0,1562586378
167,6711472782498250764,"战线还没铺开，真打开来抛售美债、在中国的美企统统滚出去。
美国能限的牌基本打出再来也就是打净，剩下只能耍无赖。
欧洲非洲亚洲甚至拉美经贸上不会听从美国优先的特朗普……",0,0,1562636531
168,6711283859600310275,能不用美国货就不用美国货！,0,1,1562592543
169,6711307323845558276,小编照你说美国人都傻吗,0,2,1562598008
170,6711231672622301188,继续，打到他跪拜为止,0,0,1562580393
171,6711143809675411467,搬起石头把自己儿子砸死了,0,0,1562559935
172,6711250774359982083,特朗普真是个傻子，把好好的生意让给别的国家，损己利他，还没人感谢[呲牙],0,1,1562584842
173,6711239781026349060,这就对了，中国人不买美国产品可以，可美国人不买中国产品还能活多久,0,1,1562582281
174,6711276967343259656,十四亿中国人同仇敌忾，干死美国老。赤脚不怕穿鞋的。,0,1,1562590938
175,6711384971405246467,小日本在扇阴风点鬼火,0,0,1562616116
176,6711215678365728781,小日本你还是自求多福吧 不管谁损失大 美国人损失了肯定会在其他地方找回来 欧洲不可能 你日韩这种美国圈养的肥羊 又得要准备放点血了[抠鼻],0,1,1562576669
177,6711247214993358860,中美的事，不用你小日本瞎操心，俺们会算,0,0,1562584011
178,6711208027854979083,美國不作死就不會死,0,0,1562574890
179,6711256755806535688,此处不留爷，自有留爷处！怕个鸟,0,0,1562586234
180,6711227016055767052,中国能担得起的后果特朗普担不起,0,0,1562579309
181,6711245493450047499,中国损失更大，急须高科技的技术，先进产品，被掐死，我国出口产品，是低技术含量，低成本，低附加值产品，讲不好听是卖原料和劳动力，给发达国家跑。,0,1,1562583611
182,6711252035372892174,美国打贸易战想整垮中国的经济。其用心是恶毒的。贸易战没有赢家。但是必须打到低。高科技封锁并不可怕。时间长了中国什么也有了。损失中国也必须承担的。崛起之路不会一帆风顺。,0,1,1562585134
183,6711318369901395971,井底之蛙！！！,0,1,1562600581
184,6711261571110420488,鬼才信呢,0,2,1562587355
185,6711149314531966989,商务部发言人是真正的牛人。顶级的,0,9,1562561218
186,6711148843327127559,伤人八百，自损一千。,0,1,1562561108
187,6711172189691412487,反正我们不得怕,0,0,1562566545
188,6711146638326415373,老美是不惜一切代价打击丶中国，大家,0,0,1562560594
189,6711143588082319368,杀敌一千自损八百,0,0,1562559884
190,6711151628437258252,必须要看美国的诚意，否则，免谈！,0,10,1562561757
191,6711195924192509966,好多企业撒出了中国，这个损失再大。,0,2,1562572071
192,6711143548798386180,中国人民希望贸易战再打几年！,0,18,1562559876
193,6711195313371381763,美国不从中国进口，就必须从别的国家进口，贸易战损人不利己，特氏真特别！,0,1,1562571928
194,6711148257302659079,谈判再拖拖，让美国疼了才能长记性。,0,8,1562560971
195,6711170579854655495,这个世界也只有中国赶在美国面前晃刀子,0,5,1562566170
196,6711130745223938062,中国能再坚持个十年八年。但美国不行，因为美国民众不想中国人民这么耐熬，生活质量不容一丝下降,0,18,1562556895
197,6711171127442571268,日本看戏呢在…这种得不偿失的贸易战不管中美谁损失大都没有赢家,0,8,1562566297
198,6711155616675037198,这篇文章不用看看题目就知道了，肯定是美国损失大,0,13,1562562686
199,6711171548893855751,事实证明，多边贸易取得丰厚利润，前景广阔。中国得道者多助。,0,8,1562566395
200,6711127465563389955,选择性文章不看,0,17,1562556131
201,6711155893104361486,现在只是开始，我们要做好长期贸易战的准备。,0,12,1562562749
202,6711160811375165453,中国对自己越来越有信心！,0,7,1562563895
203,6711126751432851463,肯定美国损失大喽，我们中国便宜占大发了。,0,10,1562555966
204,6711165770862821387,逆差达到40亿，并且是美元，那得喝多少碗豆腐脑啊,0,3,1562565050
205,6711195262494736396,这是一场未打即知贸易战的结局胜负，谁赢谁败，全世界都知道。,0,2,1562571917
206,6711155635045842951,中国人口基数太大(14亿)！国内市场做起来了都不错了！,0,2,1562562689
207,6711150526828478472,合则两利，斗则俱伤！,0,5,1562561501
208,6711171823373238276,美国想通过贸易战让制造业回美国，可惜都便宜了其它人口红利的国家。这不是搬起石头砸自己的脚嘛？,0,7,1562566459
209,6711144435138314253,相信我们中国人的意志，越打越勇,0,14,1562560081
210,6711145364101480456,如果是美帝损失大，我们应该继续打，乘胜追击！,0,13,1562560298
211,6711196823664574475,美能自损八百也算是有杀伤力了,0,1,1562572280
212,6711172925246685198,中国早就说过:美国的贸易战损人不利己。,0,7,1562566716
213,6711195635414073351,路漫漫其修远兮，吾将上下而求索。贸易战是持久战，不会轻易结束，应该做好八年抗战的思想准备。,0,1,1562572003
214,6711146275317907464,我们打贸易战是不记损失的！,0,18,1562560509
215,6711167948730105860,中国要研发自己的高科技产品出来，慢慢摆脱核心技术的依赖，这是一场持久战，美国永远不可信赖！,0,8,1562565558
216,6711159088186998787,稀土收出口税是关键，尽快实施,0,7,1562563493
217,6711155216064118795,厉害！我们的中国政府！致敬！,0,5,1562562591
218,6711136803715416068,日本人的统计比较，还是谨慎参考，不能作为结论。,0,11,1562558305
219,6711142545118445575,这不科学啊？特朗普可是信誓当当的说中国坚持不住加税打击的啊！,0,9,1562559643
220,6711153090776596492,取诮关税后再谈,0,12,1562562097
221,6711153115887878156,坚持我们的立场，让谈判肠梗塞，看谁耐不住,0,6,1562562102
222,6711178074899578884,沿海地区的中小企业，没剩几家了,0,2,1562567915
223,6711152336024109064,贸易战对我没有任何损失，因为我从来没有买美国货！,0,9,1562561921
224,6711179501298532359,既然美国损失这么大哪就让贸易战打下去继续让他亏直至解体,0,4,1562568247
225,6711154472741388292,那是肯定中国差不多14亿人口，美国才是3亿多，中国加油，,0,2,1562562419
226,6711185188913201159,在当今世界上，我华夏对哪个国家都可以让着他点，唯独美国就一丁点都不能让，坚决，坚决到底,0,6,1562569572
227,6711122650486013965,关税必须全部取消！,0,71,1562555011
228,6711135903794216971,杀人一千自损八百啊！不占绝对优势，是讨不来便宜的。,0,11,1562558096
229,6711149215868944391,中国是大块头，贸易战我自岿然不动。,0,7,1562561194
230,6711194484237467660,日本在偷笑,0,1,1562571736
231,6711160449590837261,这本就是实实在在的战争，今后大国之间的战争只会是贸易战，或者各自操控小国玩玩代理人战争。,0,3,1562563810
232,6711171811109388296,这些数据准确吗，贸易战是两败俱伤的事，就看谁能扛得住,0,2,1562566457
233,6711146475692654595,直接断美国的货,0,5,1562560556
234,6711143485359341580,老美损失大，跟我们一分钱关系没有，他自己造成的，我还想越大越好,0,8,1562559860
235,6711150774426746892,继续打。中国经济减缓有朋友。美国经济减缓有豺狼。,0,5,1562561559
236,6711130250551656452,要是这样？那不打贸易战还好些，免得我们去美国买买买,0,3,1562556779
237,6711163328829489159,关税取消，也不能调头，让美国人哭吧,0,5,1562564480
238,6711180601229852686,看看两国谁的贸易环境差了谁受得损失就大，这样大的贸易逆差显而易见,0,4,1562568504
239,6711185977857687563,当然是美国了。,0,0,1562569755
240,6711148204987219976,美国政治总爱帮那块石头这块石头，最终都砸向了自己。,0,2,1562560959
241,6711147108159815683,时间一长，新的贸易渠道形成习惯，也就没有谈的必要了……,0,3,1562560704
242,6711167775957614596,贸易战是无蠃家，只有准的损失大的而已,0,0,1562565516
243,6711197813893955591,杀敌一千自损八百，看谁坚持到最后。,0,1,1562572511
244,6711178750014472195,要想怼赢美国必须是长久战，没有内忧才能治外患，统一是根本,0,2,1562568071
245,6711153897643573255,我就不明白为啥还在引进美国大片，真想看，网上高清下载有的是,0,2,1562562284
246,6711191732707033099,既然是战争不会去斤斤计较一时的得失胜败，看的就是谁能靠的起。最后的战略目标才是关键,0,0,1562571095
247,6711153318468829195,不要谈损失，先谈生存,0,9,1562562150
248,6711133840670851079,做好持久战的准备。,0,23,1562557616
249,6711119744457867272,要准备好了，打持久战。因为对手是特朗普反复无常的人！,0,758,1562554334
250,6711143011965386765,在现实中，谁愿意和反复无常的人做生意，只是这位爷是美国总统，各国捏着鼻子和他打交道而已,0,2,1562559751
251,6711137038101757955,不管谁损失大小，要打便打，中国扞得住，能吃苦，而美国绝对不能，这就是我们胜利的本钱。,0,322,1562558360
252,6711165915297415181,最简单的道理，中国人口多，美国人口少。需求量肯定是中国多。中国市场更大,0,1,1562565083
253,6711169030889799693,应该彼此彼此吧，但美国是个利益优先的国家，所以美国民众第一感觉会是自己损失大了！,0,3,1562565809
254,6711164132231593988,不是比谁的损失大，也不是比谁更狠。贸易要有国际秩序，要有规则。不是某个人耍笑搞怪以一国之利随意所为。全世界都看明白了。他还能有朋友嘛？他还能有正常的贸易伙伴嘛？他的苦日子在后头呢。,0,4,1562564668
255,6711142918625427459,先取消再谈判，不然免谈。,0,4,1562559730
256,6711188469005762568,就这样过下去，少与美国打交道,0,0,1562570336
257,6711192075469127691,就是要以恶制恶才能制服他,0,0,1562571174
258,6711159867123957772,日本人说的不要相信,0,2,1562563675
259,6711180490092707854,人平算来输赢就出来了，要反制只有加大为度。,0,1,1562568477
260,6711163526582812686,老美看你再牛逼吧,0,0,1562564527
261,6711127926178054157,美国是纯粹的损失，中国是投资，成功突破世界格局。,0,13,1562556240
262,6711127256779112452,不谈了，让其它国家去养活美国吧。,0,13,1562556082
263,6711201983523045379,这种比较本来有隔岸观火的意思,0,1,1562573482
264,6711156646644547587,别的不敢说，贸易战一年了，我个人的生活真没有受到影响和变化。不知美国老百姓的生活受没受到影响。,0,3,1562562924
265,6711152867627139084,关税取不取消问题不大，习惯成自然！,0,5,1562562044
266,6711160385905082375,不打不成交。,0,0,1562563796
267,6711169719744937996,伤敌一千，自损八百[抠鼻],0,1,1562565968
268,6711142171879882759,国与国之间既要要礼尚往来，也要恩仇必报！！,0,5,1562559556
269,6711186797936476173,相信美帝不傻。,0,0,1562569947
270,6711166687179620365,头条看咋这样慢了。关闭了？,0,0,1562565263
271,6711149365765472260,你要知道，中国的主体是国家，美国的主题是隐形巨头。,0,3,1562561230
272,6711140355624288269,商人看重的是利益，政治家看重的是国家安危,0,13,1562559132
273,6711139696619126798,日本表示: 乐见其成,0,15,1562558978
274,6711175494538805262,也就是说我们赢了。[赞],0,1,1562567315
275,6711134414824308750,美美国，地理位置在那摆着呢，运输成本比中国高,0,6,1562557748
276,6711157885201547275,对美一定要强硬,0,3,1562563213
277,6711189143013310475,近代以来，中国一直完胜美国！,0,1,1562570491
278,6711131044189405196,损人不利已,0,11,1562556964
279,6711114409558982660,同样商品，中国对美减少部分，是不是与中国对越增加部分,0,13,1562553092
280,6711187594321526797,都挨了一刀，都伤都痛，不需比谁的伤口深。怀疑美国至今无诚意，缓口气，振股市，又来一拳。,0,0,1562570133
281,6711146618357366787,我们国家的手段应该是是退为进,0,2,1562560589
282,6711138079702777867,卖不动的东西可以不做，,0,6,1562558603
283,6711194009505202179,谁的损失大都与我们无关。,0,0,1562571626
284,6711163663098691591,打打更健康[耶],0,1,1562564558
285,6711129827720036356,环球时报必胜,0,28,1562556681
286,6711153230304264199,赤脚的不怕穿鞋的，干！,0,2,1562562129
287,6711182762004922375,美国不是减少对华出口，他是不卖！,0,2,1562569007
288,6711128505322733580,在搞上两年让美全破产,0,9,1562556372
289,6711183466274226179,日本媒体的报道不能全信。,0,2,1562569169
290,6711133098698063886,杀敌一千自损八百,0,3,1562557442
291,6711167089329307659,吊打美国，提升自己，持久战。,0,2,1562565356
292,6711187046142689292,不对，俄曰最大,0,0,1562570005
293,6711137174228107276,没看出有啥，信息量太少,0,3,1562558392
294,6711196672850067463,美国是不卖吧，如果可以卖，华为一家进口都不止40亿美元,0,0,1562572245
295,6711165112747032588,最后那一句，大赞。,0,0,1562564897
296,6711142611161432067,四两拨千斤,0,1,1562559657
297,6711184437721448452,信誉破产那就真的破产了,0,0,1562569396
298,6711117472130891779,两败俱伤。,0,57,1562553806
299,6711163389390880775,该来的迟早会来，晚来不如早来,0,1,1562564495
300,6711192292827086859,美特狼ꪩ总统可，是。亡兑说的，话，汶。,0,0,1562571227
301,6711161730061664268,双方打到一方没有牌可出，那就是失败。,0,0,1562564108
302,6711171847838941196,喜欢看到最后一句话,0,0,1562566466
303,6711155199543328779,双方各有损失,0,1,1562562588
304,6711153064302297096,特没普：请继续，看谁笑到最后,0,0,1562562091
305,6711159839261229068,中国人进IO元的货可以9元卖给你，美国人做不到,0,0,1562563669
306,6711178118587645965,不用想，不用问，啃腚是美国喽,0,0,1562567926
307,6711142074852605966,一点感觉都没有，,0,2,1562559532
308,6711156805634408455,论不可替代或难替代的重要性,0,0,1562562963
309,6711155842307407886,战争就是这样，杀敌一千自损八百,0,0,1562562738
310,6711131854700871692,损人不利己,0,5,1562557152
311,6711143072929202189,看占比，谁更痛？,0,2,1562559764
312,6711184154203799563,想在中国得到好处必须首先尊重中国人民,0,1,1562569331
313,6711125849594314765,战争只论输赢 不论损失。,0,8,1562555755
314,6711139649207156750,美国总统处处出招，招招失败。,0,4,1562558968
315,6711167782471925763,我毫发无伤,0,0,1562565519
316,6711145255922024461,净干一些双方没有好处的事，，，！,0,1,1562560273
317,6711162647875715080,我觉得中国应该软硬兼施，派人偷偷到美国去给他们上一课。,0,0,1562564322
318,6711121708688605191,一定不是我们！,0,7,1562554793
319,6711147519516819470,国运之争，再大又如何？,0,0,1562560800
320,6711141072996990979,政治层面的对决，做好持久战的准备，,0,5,1562559299
321,6711179141728780296,一样大好了,0,0,1562568163
322,6711181014594617358,打打打打打打打,0,0,1562568599
323,6711143816344600588,肯定美国啦,0,0,1562559938
324,6711181872912908295,论持久战！,0,0,1562568799
325,6711164739873636363,两败俱伤！,0,0,1562564810
326,6711139579623882759,中国十四亿人的消费市场还打不夸美国三亿多人的市场！哪就OT了，中国坚决不让一亳，不相信11比1还赢不了美国！[赞],0,13,1562558952
327,6711107361060274180,当然是美帝损失大了，必须的,0,570,1562551451
328,6711191397233786891,我们赢了,0,2,1562571017
329,6711127972390354951,好，漂亮,0,7,1562556250
330,6711180748184993799,支持国家,0,2,1562568536
331,6711166744671256590,好,0,1,1562565277
332,6711121666547826695,必须的,0,8,1562554781
333,6711123911520272387,中国大胜,0,7,1562555305
334,6711146216409235469,如果双方能够达成协议，美方加征的关税必须全部取消。[赞][赞][赞][赞][赞],0,5,1562560496
335,6711163268574461965,重点，圈起要考：如果双方能够达成协议，美方加征的关税必须全部取消。,0,1,1562564467
336,6711192320857227267,"如果我们真的能够把美国佬断供的高科技电子产品快速补上去的话，咱们根本借机不跟它美国佬玩了。
你不要我普通产品，这整好在搞工业产品结构调整。你狠手给我断供，那你的所有断供企业停业整顿去吧。",0,1,1562571232
337,6711204099620765699,美国佬 从不出口高精尖的，科技含量高的产品给中国，而是 出口些转基因的食品类，遗祸国民 真是居心叵测…,0,6,1562573974
338,6711173246777376771,我以前真觉得贸易战美国老厉害了，现在看美国这丈打的看不明白了，中国更精准，有替代，不影响自己产业的都打了，美国不一样，比如禁了华为结果国内芯片暴跌，美国打着看心情。,0,0,1562566791
339,6711147419179941891,坚持到底接下来老美就不臭美了,0,3,1562560775
340,6711141053048848396,没看内容，我就来评论。不管损失多大，都别对狼子野心的美国佬心存侥幸，要做打持久战的准备,0,5,1562559294
341,6711124682076520451,别谈了，快回来干死老美,0,9,1562555483
342,6711136045226541063,日本人开始觉得广场协议亏了，报复心理引发对韩贸易战。,0,1,1562558129
343,6711127744010682379,特朗普这人不搞垮美国永远不会罢休,0,7,1562556197
344,6711141183865290765,这次决不能再让步，否则美国会蹬鼻子上脸。,0,4,1562559326
345,6711183438583545868,美狗的损失绝不仅仅是贸易战本身的损失！同胞们清楚，全世界也都清楚！美狗心里更清楚！,0,1,1562569163
346,6711128485441667080,让老美损失残重，打痛他才会老实。,0,6,1562556368
347,6711196719234826252,以老美的秉性，要不是自己亏的大，它会把你整到死才罢休,0,1,1562572255
348,6711162791115505677,我们要做好打持久战准备，因特朗普没普，反反复复无可信！！,0,2,1562564356
349,6711140400310501379,按照这个文章的说法贸易战打下去让美国佬更惨下去？？？？？？？？？？,0,1,1562559142
350,6711162271537922052,小日本的分析也能行？装谁呢？,0,1,1562564235
351,6711136247152885764,打个锤子战美国产品全部清零,0,2,1562558176
352,6711130068514734087,别想谁损失大，看看谁受宜了～小日本？,0,3,1562556737
353,6711131039445549063,我觉得美国人损失大，打个比喻，衣服他们还是要穿我们做的，我就是做美国客户衣服，增加关税还是他们美国民众买单，我这每个月都要出口20000万件衣服到美国，关税跟我半毛钱关系都没有。,0,8,1562556962
354,6711132099476389899,这纯粹是误导。经济账可以算得失多少，现在远远超过经济范畴，打的是政治仗，打的是国运仗，叫不记代价。现在就看谁能扛，损失小的不见得扛的住。搞好自己的事，应对无大失误，就扛住了。,0,9,1562557209
355,6711160812365168653,中国商品不出口也罢，换不了几个钱。以茅台酒和服装鞋帽为例，国外卖的比国内便宜的多。得不偿夫。美国佬的好东西也不卖给咱们，不要也罢。,0,5,1562563896
