﻿,id,comment_text,reply_count,digg_count,creat_time
0,6822449558511353864,以静制动，一分不出。准备好猎枪打豺狼！,1,807,1588475323
1,6822444905810673679,他们说的每一句话都要当真来对待，想好对策，不能掉以轻心,1,630,1588474240
2,6822481030260850703,中国必须注意清醒，美国对於中国，从历史以来，都想方实法把中国制於死地，但中国从历史以来就没有怕过美国，现在美国成了一个不可信任的国家，中国只有为一办法就是:如果美国要和中谈，中国的大门尚开，如果要打，奉陪到底。像哄孩子一样，中国永远是一个讲正义，讲和平，的央央大国，没有一个邪魔能战胜的国家。,1,5,1588482651
3,6822476753294917640,外部世界已经靠不住了，到处是豺狼，大力宣传病毒是自然界产生的，中国虽然有责任，但轻微的多，决不能让西方阴谋论得逞，[666][666][666][666][666][666][666][666][666][666][666][玫瑰][玫瑰][玫瑰],1,2,1588481654
4,6822476549221597199,前有，八国联军进中国，烧杀掠抢，英法德就是极先锋;后因疫情导火线，又想再次明强掠夺。跟强盗思想行为的，要么就不往来，要么直接打,1,4,1588481608
5,6822467993306644492,中国先人说的好:朋友来了有美酒，豺狼来了迎接它的是猎枪。防止借助新冠病毒疫情“八国联军“重演，战备物质，提高警惕，兵来将挡，水来吐腾。惹急了，抛售美债，不跟他玩了。,1,33,1588479616
6,6822422673722327047,国内一定要顶住压力，发展自己，加油！,1,511,1588469063
7,6822472700406333440,对等反击，打到疼处，才不敢胡为,1,3,1588480711
8,6822460210767298560,该撕破美国当局的丑恶嘴脸时就该出手，不能一味认为身正不怕影子歪，世界“舆情”同“疫情”一样有杀伤力！中国加油！！！,1,164,1588477803
9,6822483930341146638,沒有远一虑有近忧，怎么摆脱被动局面，既要着眼未来，又要着手眼下。特别要注重爱祖国爱中华民族的教授及各方面专家的培养教育，也要加强对港台青少年的教育培养。十年树树，百年树人。作为高端制造涉及太重要了。一定要有不存侥幸，实事求是看待形势，实事术是的看清超级大国及追随者和恶陰的本质,1,3,1588483325
10,6822472840970272781,真理在大炮射程内,1,3,1588480743
11,6822465389268811787,特朗普用甩锅的方法推卸责任，他的不负责任造成了美国六万人的死亡，企图欺骗美国民众。,2,6,1588479010
12,6822444189427630080,我堂堂中华 岂能被他国污蔑 中国加油[赞][赞],1,231,1588474073
13,6822460984129486860,感觉没了正义的存在了，那就让东方雄狮呼啸山林，重整世界吧。,1,1,1588477984
14,6822476962993766404,"自强是根本，保护自我。抓机遇，发展中国经济！
强大是前提，团结一切有共同愿望有识之士（国家）。做好万全准备！
反击是手段，利用一切方法，打击反对势力。让世界充满正能量！
持久是战果，时间会验证中国的做法是最正确了！",1,16,1588481705
15,6822479162277265419,和美国打交道培了夫人又折兵，教训深刻。痛定思痛，中国如今工农业生产种类齐全，市场广阔，是静下心来闷声发展自已的好机会。别了美丽坚生活更美好！,1,2,1588482217
16,6822474461439295503,历史决不能重演，调动一切力量搜集证据，把以美国为首的反华国家打的落花流水。,1,12,1588481121
17,6822451433565110287,爱我的祖国。怎么苦都会过去的！,1,36,1588475760
18,6822479315666698248,把它索赔的美元换算成氢弹和原子弹东风快递给他们最好。,1,4,1588482251
19,6822471855203745806,断结与美国的贸易往来，把美国当作外敌，时刻准备战斗。,1,21,1588480514
20,6822473170944540672,对牛弹琴，秀才遇到兵，有理说不清。最好回复就是什么不说了，只要美英等等无论什么舰艇来南海直接击毁，只要有这份胆识。天下将会安然太平，再无八国联军,1,3,1588480821
21,6822478776153784328,传染病是一种客观存在，你只要迟一天发布，人家都可以紧抓不放，这是一大教训。对于这种客观的疫情，以后应该第一时间同步公布，不能扣着不合适的主观维稳概念不放，否则越维越乱。,1,3,1588482125
22,6822475006996447247,当真相浮出水面的时候，全世界都会惊掉下巴，特朗普是克克勃策反的奸细，不但搅乱美国，还要遏制中国！受益的绝对是罗刹国！,1,10,1588481248
23,6822483631161081871,人类社会发展.进步到今天的文明好像与这些西方国家没有什么关系。什么廉耻都能体现在这些西方人的国度里。他们都信奉上帝，所做的事却是件件都是在伤害着他们的上帝。,1,5,1588483256
24,6822460829653745677,静止不动才能看美国的动静，放弃一切幻想！时时刻刻准备打击一切颠覆中国的敌人！战斗！用战争争得平安世界！,1,38,1588477947
25,6822485092364632079,丢掉幻想，擦好猎枪，准备战斗,1,3,1588483597
26,6822473685794848780,我是退伍军人，只要国家招唤，随时准备应征，即便只有一口气，尚能扣得动枪机，我们都会义无反顾，为国而战！,1,17,1588480941
27,6822458498577072143,对美帝野心狼随时都有做好两手硬的准备，坚决捍卫国家的主权和人民的利益。。。,1,86,1588477405
28,6822487372329189379,"即今年11月份之前，市场也势必会受可能的突发事件影响而有所波动，期间也不排除A股再次探底。
为什么这么悲观？人家长牛时你跟了？一家乱你就非得一定乱？就不能独自开天辟地？",2,2,1588484128
29,6822482150299320335,瞻前顾后永远被牵着鼻子走，只有在关键时，痛击它，让它们永不敢犯,1,4,1588482912
30,6822468685588955151,国人要有最坏的心里准备！还是外交官的那句话“谈，大门敞开，打，奉陪到底”。,0,58,1588479776
31,6822485644930187272,不要盲目自信，疫情不会改变帝国的丑恶嘴脸，中国必须全面出击，各方面做好应对！否则疫情后麻烦如期而至！,1,3,1588483725
32,6822471672307204110,历史上一直是这样：涉及到双方利益的，先谈；谈不妥，就打；打服贴了，再谈！…,1,7,1588480471
33,6822457028695425032,应该说他们统一将矛头对准最先爆发而又率先成功控制疫情的国家。这样完整，不混淆事非，也实事求是。,1,12,1588477062
34,6822465206489923584,我比较关心，中国能否为自己辩白，即使我们是清白的，但如果除中国外，全世界都觉得是中国的错，我们有办法吗，这种憋着的委屈也很难受吧,1,35,1588478967
35,6822484668294643723,"自强是根本，保护自我。抓机遇，发展中国经济！
强大是前提，团结一切有共同愿望有识之士（国家）。做好万全准备！
反击是手段，利用一切方法，打击反对势力。让世界充满正能量！
持久是战果，时间会验证中国的做法是最正确了！",1,7,1588483498
36,6822463388808347652,人不犯我我不犯人，人若犯我我必犯人。伟人话牢记，准备战斗！,2,15,1588478544
37,6822476598030876680,八国联军又想瓜分中国了，做好准备，迎头痛击，全面，彻底，干净地消天胆敢犯我之敌！,1,14,1588481618
38,6822462796840648711,准备好猎枪，备好弹药。迎接豺狼虎豹。,2,7,1588478405
39,6822465787761475599,加速生产州级导弹、核弹，犯我中华者虽远必殊！,1,4,1588479102
40,6822475771908112384,以其人之道，还治其人之身。,1,2,1588481427
41,6822460776369209352,在口水战没办法分胜负时，只能武力解决。,1,8,1588477934
42,6822455534747910148,历史有八国联军进中国，烧杀掠抢，英法德就是极先锋，跟豺狼决不能用人的思维行事！,1,46,1588476716
43,6822465037895155720,当务之急只有备粮、备战！,1,12,1588478926
44,6822455009062699015,从现在开始与美帝做生意一手交黄金一手交货，希缺物资高价出口甚至不出口（如稀土、医疗物资），要黄金不要美元，大量抛售美债等。,1,49,1588476592
45,6822460747017306127,人不犯我、我不犯人，如人犯我、我必犯人。只要国家需要我们，我们是召之即来、来之能战、战之能胜的后备军。,1,14,1588477928
46,6822471724009799684,中国地大物博，必须自给自足，任它狂风邪气，我自巍然不动！,1,5,1588480484
47,6822461048810029070,发展自己，去美国化，让美国失去傲慢的土壤，才能让美国在自己的政治病毒中慢慢死去！,1,1,1588477998
48,6822482436086398979,外交部发言人：谈、大门厰开，打、奉陪到底！,1,4,1588482979
49,6822464510821974027,事情应该是这样的 我们公开的死亡率是百分之零点几。而世界的死亡率是百分之7-8。所以指责……,1,8,1588478805
50,6822464566203842560,年龄大了 好好享受万年生活 不然做坏事入土也不安,1,7,1588478817
51,6822457390793785344,促生产广织粮多备抢炮,1,10,1588477147
52,6822474968769822732,准备好随时打仗，生产够武器，只有军事强国才有外交,1,6,1588481240
53,6822481733762973703,中国。俄。伊。共同协作一起战斗，千年不可能友好。用战斗争取平安世界，,1,2,1588482814
54,6822459685007261699,这次真是不能有一丝一毫的退让，直到打痛西方世界取得完胜为止！哪怕自身承受一些损失也值得这么干，否则就会当中国是病猫,1,9,1588477682
55,6822473163465588748,这一次是没有硝烟的上甘岭战役！丢开幻想，作好准备，兵来将当，水来土掩！,1,4,1588480820
56,6822464403888848911,打铁还需自身硬！十四亿大团结，病毒不怕，豺狼更不怕！,1,11,1588478780
57,6822473431708254221,直接将蓬佩奥及其家族列为人类战犯，全世界通缉。,1,4,1588480881
58,6822456652668305408,抛弃任何幻想，子弹上膛时刻准备战斗！,1,18,1588476975
59,6822466371331457024,不看广告着疗效。本人意见到2022年再发表。,1,5,1588479238
60,6822474481014390797,胜败在此一举。,1,1,1588481125
61,6822445274653376525,赶走他们国家外交官，彻底与他们断交，时刻准备氢弹，每个国家投20颗,1,20,1588474325
62,6822466613498609677,谁能预测特郎普，谁就能在华尔街大赚特赚，其女儿，女婿及后面的犹太财团除外。,1,3,1588479293
63,6822470156372508672,多存一些导弹准备好，别一直生产口罩救活它们，活过来了就来打我们[发怒],1,3,1588480119
64,6822474083909861388,朋友来有酒有肉，狼来了有猎枪,1,1,1588481034
65,6822466784328925197,对代西方国不要用仁慈的想法来讨论，发展自己随时准备开打[得意][得意][得意],1,5,1588479333
66,6822472459430756352,积极主动应诉，争取时间收集证据，对等反诉并向西方诸国索赔！！！,1,3,1588480655
67,6822473561585205263,卿卿佳人，奈何为贼。[憨笑][憨笑]一个伟大的国度，已经堕落到靠打劫为生了。[鄙视][鄙视][鄙视][鄙视][鄙视],1,4,1588480912
68,6822464641147437064,本人以前说过中美之间必有一战。当然现在是贸易战。,1,4,1588478834
69,6822468792426938380,通过这次异情，验证了中国人的团结，也不怕美帝国主义的一些没有用的谎话，中国强，,1,3,1588479803
70,6822467436408455171,中国几千年的历史证明，是不可战胜的,1,4,1588479487
71,6822421690568916999,对特郎普彭佩奥之流，不要太在意，他们是6月天、小孩的脸，反复无常。,1,178,1588468834
72,6822444207522267144,要赔就赔给他东风快递,2,74,1588474077
73,6822486458826670095,又是庚子年，我们要做好充份的准备才行，有了新仇我们就不能忘旧恨，这帳必须与那些忘八端一起算。,1,2,1588483915
74,6822459250280316941,这个早就在预料之中，中美关系进入新冷战时期,1,6,1588477579
75,6822466713284935687,做好自己才是上策，不喜欢看到过份追求所谓的什么GDP的说法！,1,4,1588479316
76,6822461901952417807,中国充实国力，倾实内功，沉着应对，扩展空间，把握好时机，适时反击，让美竹蓝大水一场空！,2,8,1588478197
77,6822462272070598659,此庚子非彼庚子，全民备战 军队进入战时状态，我们热爱和平 为民族尊严我们死战到底,2,1,1588478284
78,6822452613939068935,用他们正确的强盗逻辑引领世界，那必然失败的。,1,22,1588476034
79,6822477357082148879,特朗普和彭佩奥之流是纯粹的政治流mang，面对瘦情，他们已经束手无策了。,1,2,1588481796
