﻿,id,comment_text,reply_count,digg_count,creat_time
0,6696389668470390788,"单对于华为来讲，法律武器固然必须要用而且要用好！但是费时费力也是必然……
同时我们要看到，特朗普本次针对华为的手段和时机与之前发生的针对三一重工、福耀玻璃、中兴等中国企业的历史情况完全不一样！
这是中美贸易战的一个关键环节，也是一次重点战役！我认为绝对不能简单的当做一次企业受迫害的事件来对待！！！
本次贸易战，国家层面必须协调将受困中国企业与本次中美贸易战的战略目标高度统一，统一指挥，协调作战，才能取得实际效果！！！",0,1143,1559124723
1,6696466216976220168,遏制中国，遏制华为已经是美国国会的动作了，在美国起诉有鸟用？立法会代表美国整体思维又不单是行政机关包括总统。放弃治疗吧，打赢了才行。,0,0,1559142544
2,6696381371524726795,为华为鼓掌！华为加油！,0,131,1559122790
3,6696724277078769671,不卑不亢才是我们这次贸易战中秉持的态度，加油华为，加油中国。,0,1,1559202630
4,6696484529454399496,有道是，对于非音乐的耳朵，再好的音乐也没有用。从我记事起，美帝国主义就是头上生疮，脚下流浓一一彻头彻尾的恶棍，到现在不但没有进化，反而成了全世界的祸害一一和它讲理是根本说不通的，唯一有效的办法，就是全世界团结起来，让美帝国主义在地球上消失。,0,152,1559146813
5,6696622609255743496,华为起诉美国总统！牛！赞,0,2,1559178959
6,6696498905913819150,华为，和中国公司受到美国无须有的罪名，公司拿起法律保护公司名誉，和利益，是最有力的反抗，但我不清楚的，以前打赢官司时，美国是否能理赔公司所有的损失，和公开道谦！！,0,78,1559150167
7,6696488119715758087,我觉得如果华为官司打赢了，特朗普的连任基本没有希望了[笑哭]，不过换哪个总统也没用，美帝就是要想方设法打击一些对他构成威胁的企业,0,2,1559147648
8,6696388493494583299,美国有多牛，中国这么大人口这么多，大家同心协力，搞好自己的事，怕它干什么，纸老虎。,0,9,1559124447
9,6696377204936638477,打，最好的防守，就是进攻！,0,488,1559121821
10,6696540293116035080,华为是中国企业学习的榜样，为中国争光！为中同争气！为中国争脸！全中国人民支持华为，支持正义的华为！,0,2,1559159823
11,6696372752846782477,华为，我为你喝彩!,0,463,1559120785
12,6696386366861115395,14亿中国人坚决支持华为,0,99,1559123953
13,6696389686372057091,好！一定用法律给打下去，让美国在世界面前,0,19,1559124728
14,6696417251505078285,福耀、三一、华为都是中国高科技制造业的脊梁,0,0,1559131142
15,6696513346361573384,全国人民支持你华为！连联帮快递一起起诉，揭露他们的丑恶嘴脸，打的他们头破血流。,0,26,1559153547
16,6696397371821096971,后悔去年买了苹果,0,5,1559126514
17,6696471468605259788,特朗普给华为吓得尿裤子了，宣布美国紧急状态，整个美国都在恐慌之中，这样一宣布变成免费帮华为买广告，围剿华为坏事变成好事。,0,6,1559143767
18,6696367771632336899,好，真的太好了。,0,655,1559119623
19,6696451776134168590,通过长期的实践演练，我们终将懂得如何打到“恶龙的七寸”，让肆意妄为者付出代价。,0,0,1559139181
20,6696541747453607950,华为是中国企业学习的榜样，华为是在为中国争光，为中国争气，为中国争脸，全中国人民应全力支持正义的华为！,0,1,1559160170
21,6696436908794593292,美国封锁华为，不如说就是封锁中国科技崛起。国人认清这个事实，举全国之力支持华为打赢这场无硝烟的战争。,0,7,1559135719
22,6696515860557430795,华为加油！,0,1,1559154134
23,6696437049178046477,在没有证据的情况下，无端拒绝正常贸易是违背世界贸易法则的，所以，美国无权拒绝华为正常的在美国开拓市场！,0,8,1559135752
24,6696425598136549383,华为加油！！！中国人民支持你！加油，为正义而战！加油！！！,0,0,1559133086
25,6696376920319524871,好好好，鼓掌👏,0,18,1559121754
26,6696420888910807051,华为成立一个互助基金会，中国有十三亿多人口每人捐助一元，为今后中国遇到不公起诉经费。支持华为,0,0,1559131990
27,6696379419541733387,中国要出手了，只有打痛美国，才能让它收手。比如禁售稀土，抛售美元等,0,200,1559122336
28,6696456664675074062,联合国应该搬到中立。惩治美国暴政。,0,1,1559140318
29,6696379721485254670,下一步，申请巨额赔偿！[耶],0,236,1559122405
30,6696484132626694155,首先打官司，站立法律最高位，站立人义最高位，站立国际最高位，站立世界最高位，让世界知道美国丑陋嘴脸，这是广告，广而告知全世界美国的丑陋嘴脸。跟美的就少了，让当的就少了，,0,35,1559146719
31,6696425026855895052,我觉的我们要会主动出击，自卫反击不是长久之计。,0,0,1559132954
32,6696446583691198468,哈哈！这个好！！！,0,0,1559137971
33,6696718849830223879,支持华为，爱我中华！,0,0,1559201368
34,6696625124629643267,打吧，华为也不缺这个律师服务经费，用法律武器维护自己的利益，不能让别人往自己身上扣屎盆子,0,0,1559179543
35,6696434503868956679,无论你做什么生意，不要出现敌人，应该是合作伙伴，讲的是诚信第一，失去了信任，下一次没有人与你合作了，自己以后做再好的产品没有人要，应该考虑大家合作共赢才能发展得更好。,0,29,1559135159
36,6696380218670317576,加油华为！,0,11,1559122523
37,6696447567087730691,华为牛逼，一个让美国都怕的企业，以安全论不出口稀土给美国,0,0,1559138201
38,6696424436389822475,给华为点赞，为中国喝彩。,0,14,1559132815
39,6696398686882250760,支持华为,0,0,1559126822
40,6696410875232387080,禁售稀土，抛巨额美债，制裁美高科技公司……让美国人知道什么叫痛！,0,17,1559129659
41,6696426732025282568,为什么我们不把美国的汽车和苹果手机直接封杀呢，如果封杀了美国肯定会跳脚，哪时我完全可以说，去，找你们的特朗普问话吧，多牛气[来看我],0,16,1559133351
42,6696406488854380556,拿起法律武器，斗智斗勇，坚决打赢这场官司。,0,11,1559128638
43,6696539401403121678,写得好，结尾改变成毒蛇七寸更好，龙是我们的！,0,17,1559159629
44,6696386796827607053,多在联合国，世界各地发声，揭穿美国丑恶嘴脸，全国搞场比赛，选拔能言善辩的精英，到各地演讲。,0,37,1559124054
45,6696379698609504264,华为真是牛,0,88,1559122400
46,6696479281478582276,支持华为,0,0,1559145590
47,6696447375969812483,应该是毒蛇的七寸,0,10,1559138156
48,6696466309385043980,美国就是个流恾国家，争得就争，无争得时抢得就抢无抢得时以打来达到目的，要全方位收集美国材料，打中特郎普的尺寸,0,7,1559142566
49,6696434518427500558,支持华为,0,0,1559135163
50,6696417440169623566,我想知道三一重工和福耀玻璃都赢了官司后有没有对美国政府予以哪些处罚？,0,0,1559131188
51,6696481980290908171,华为战略伏击美国陷阱！能力有限刚刚支持了荣耀！,0,11,1559146218
52,6696400715516362756,华为想干什么?全国人民都想看老美砸脚,0,0,1559127294
53,6696411165750394891,坚决支持中国华为在国际公平公正的前提下、谋求发展成为拥有世界级大品牌的典范。,0,2,1559129726
54,6696428799301058573,中美贸易摩擦将是一场持久战！,0,0,1559133831
55,6696503055866822663,华为加油！为中国喝彩！！！,0,7,1559151136
56,6696404079583051779,不要这么乐观，有志气的中国人就别买苹果手机了，这叫真正的爱国，,0,0,1559128076
57,6696377715618643980,中华有为！,0,75,1559121941
58,6696523658128736263,名垂青史任正非,0,3,1559155948
59,6696424356467343367,现代史上最大暴君特朗普。,0,5,1559132797
60,6696392333682212872,让美国破产，让美国人民反政府,0,14,1559125342
61,6696408528560865284,是任总的提议？想当年湖南的一个什么公司告奥巴马，也没下文,0,0,1559129112
62,6696485463651663876,苹果手机上钓鱼岛还是日本的,0,0,1559147031
63,6696453715622412295,打蛇打七寸，好好好,0,0,1559139633
64,6696476945431166990,换个总统是个解决方案,0,4,1559145043
65,6696407858948653070,美债逐步抛吧！为各行业“受制裁”减轻压力！,0,1,1559128955
66,6696419695773941771,中国也可以制载美国苹果手机，是一样的道理，羊毛出在羊身上。,0,0,1559131713
67,6696386421529837579,美国有多牛，中国这么大人口这么多，大家同心协力，搞好自己的事，怕它干什么，纸老虎。,0,3,1559123966
68,6696503710703124492,支持华为,0,1,1559151298
69,6696443991875420168,只有强大起来没国才真的没了,0,3,1559137368
70,6696382303062851595,为中国企业点赞！！！,0,2,1559123007
71,6696478474573676551,以其矛攻其盾。,0,1,1559145401
72,6696465020835954699,"人弱惹人欺,马弱惹人骑@只有主动出击,才有做人的尊严!",0,1,1559142265
73,6696636127317032963,特特最近有些淘气、做事鲁莽行事,0,0,1559182106
74,6696404207740239880,这总统把美国推向死亡之路[捂脸][捂脸][捂脸],0,6,1559128107
75,6696659241287811080,起诉得好！让全世界都知道,0,0,1559187488
76,6696381346694086667,滴滴不死天理难容,0,2,1559122784
77,6696636452061118478,我相信延安精神永固！[祈祷][祈祷][祈祷],0,0,1559182183
78,6696381840037085191,用美帝的矛，攻击美帝的盾！,0,5,1559122899
79,6696420259710615564,华为不屈不挠的精神是中华民族的骄傲！我们为你喝彩！,0,2,1559131844
