﻿,id,comment_text,reply_count,digg_count,creat_time
0,1612486748088397,我是中国人，我爱祖国，就这么简单,87,15126,1537787197
1,1612488737944584,支持国货...就是支持祖国[赞][赞],9,2643,1537789094
2,1612495251939342,"太高明了！
理智，理性。以刚制刚，以柔克刚，见招拆招，招招制敌！
在强大的美国霸权主义、经济霸凌主义面前，展现大国风范！
过了这道坎，前途会宽广明亮。坚强的决心，坚定的自信，坚韧的定力，没有克服不了的困难，最终，总会有一个良好的结果的！！！",2,1471,1537795307
3,1612488132332548,美国现在的这种举动，说明美国对自己很不自信了，东方大国真的让他感受到压力了，祖国加油！,1,1266,1537788517
4,1612488480408584,有国才有家，我爱我中国，拥护中国,1,794,1537788849
5,1612486851798024,特朗普不知道有没有心脏病及三高，有的话可能会瘁死!,2,788,1537787296
6,1612493577846926,美国人不懂中国文化，来而不往，非礼也！,1,495,1537793710
7,1612486733049859,贸易战继续打下去，拖垮美国。,3,446,1537787182
8,1612486474731524,现在的美国，就是一个流氓，当心啊！,5,1334,1537786936
9,1612489855125508,打得一拳开，免得百拳来！！坚持对美贸易持久战，困难是一定的，但是也是暂时的。坚持到最后，胜利必将属于我们！！天佑我中华！！！！,3,495,1537790160
10,1612485270980622,毛主席说过，美帝只不过是只纸老虎！,7,1099,1537785788
11,1612535707441160,美国就是个流氓，无赖，没有信用的国家，中国地大物博，能自给自足，怕什么，全世界有二百多个国家和地区，不和美国进行贸易交易，中国经济可能发展得更快，更好。世界各国会更好的和中国进行贸易往来，到时美国会自动找上门来的。为什么？因为我们能自给自足，这就是我们最好的优势，最大的法宝。中国人民能战胜一切困难，请你相信，胜利熟于中国。,0,250,1537833888
12,1612533160930381,"凡是过去，皆为序章。
昨夜我们在明月下天涯共此时，赏读苏轼关于中秋月圆的千古佳作，“人有悲欢离合，月有阴晴圆缺 ，此事古难全。”今天，重温苏轼的《晁错论》：天下之患最不可为者，名为治平之事，而其实有不测之忧。
但凡我华夏大文豪，他们的辞赋华美，诗章哲理深遂，且内涵充溢忧患意识。
感恩生在这个有深厚文化底蕴的国度，幸运作为一粒尘埃见证这个充满挑战和变数的世界格局，看到主政顶层有理有据有节，淡定从容应对无赖的霸凌，在中秋之际启动中美贸易战的新一轮博弈。回望，看到我大中华从打响大战那一天就胜券在握！更有信心看到不久的将来失道者狼狈惨败的结局。",1,139,1537831459
13,1612487611810823,没有国哪有家，坚决支持祖国，必胜！,0,628,1537788020
14,1612496800068750,美国挑起贸易战，简直就是搬起石头砸自己的脚！必以失败告终！,1,133,1537796783
15,1612487062244547,人不犯我，我不犯人。人若犯我，我必犯人！,1,488,1537787502
16,1612506834404365,毛主席早就说过，美帝亡我之心不死啊。,0,165,1537806353
17,1612495761130573,对美国🇺🇸这样的无赖国家，就得狠狠的敲打敲打它，不然它不知道什么是疼，我就挺我的国！,0,228,1537795792
18,1612491792657415,要与美帝国主义斗到底！他们目的就是要阻挡中国的发展！称霸世界！我们要团结一致！打倒美帝国主义！,0,251,1537792008
19,1612486541804557,美国打贸易战与不靠谱拼到底，祖国需要时，我个人可以岀钱，保护祖国和人民的利益。,2,198,1537787000
20,1612485534345223,支持国货，人人都出一份力，加大内需消费，一定会渡过难关的，中国必胜,12,535,1537786039
21,1612486716615758,军民团结如一人，试看天下谁能敌！要打就跟特朗普打到底，打出一片新天地！,0,309,1537787167
22,1612486038838296,中国需要自信，自立，自强！正义之战不可屈！,0,227,1537786520
23,1612486547956744,再下去美国都被自己搞垮了 中国越来越强大,0,151,1537787006
24,1612487820683278,全民皆兵，抵制美货,0,186,1537788220
25,1612486337928263,美国是全世界最流氓国家[打脸],0,367,1537786806
26,1612485395145742,中华民族从来都是困难越大能量越大!,0,238,1537785906
27,1612488770535501,全中国人共同努力，自发抵制美货。让美帝看到我们的团结。,0,151,1537789126
28,1612488970335245,不管世界怎么样，我都支持我的国！！！,0,144,1537789316
29,1612487023437827,团结起来，抗击流氓老美,0,151,1537787459
30,1612487160030221,不用理他 搬石头砸自己脚 我们不着急,0,138,1537787590
31,1612486553615368,中华民族团结一心，坚决打败美帝霸权主义！,0,150,1537787011
32,1612487766901763,关健时刻绝不手软 只有租国的强大才有人民美好的生活 支持伟大的祖国！！,0,122,1537788168
33,1612486572568596,在大是大非面前，中国人应该团结一致。共同抵御美国狼🐺,0,256,1537787029
34,1612487358893059,全国人民团结起来一致强力反击美国霸权主义发起的贸易战！中国必胜！[赞][赞][赞],0,159,1537787779
35,1612486674863111,中国人都是好样的，关键时刻人们都能团结在一起，中国人是压不趴下的，敌人对我们越狠我们越是坚强[赞]，如果真的有战争中国人会义无反顾的冲上去的,0,179,1537787127
36,1612487711815694,美国的流氓行为，用脚指头都能想到！,0,64,1537788116
37,1612486580419587,应该加倍反击,0,132,1537787037
38,1612489073861699,兵来将挡 ，水来土掩！打败美帝野心狼！,0,51,1537789415
39,1612485488165918,尊严不讲代价，挡的一拳开，免的百拳来，,0,186,1537785995
40,6694966710753640455,特朗普的做法充分显示了他内心的虚，对美国实力的毫不自信，以至于迫切的向世界证明，赢得关注，殊不知他的做法早已失去了大国风范。我只想说，中国追求和平,0,0,1558793412
41,6698617608990343181,中国人民团结一心，支持祖国的任何决定，打好中美贸易仗，本着人不犯我我不犯人的原则，谈，打开门欢迎，打奉陪到底！,0,0,1559643459
42,6696364363450187790,万众一心，坚决不买美货，美帝国主义都是纸老虎，一戳就穿，支持祖国把贸易战进行到底，祖国必胜，祖国万岁。,0,1,1559118832
43,6700117615186739211,九个字形容我自己，我爱中国我是中国人,0,1,1559992701
44,6693659338965647372,重温，不过期。凡事以前，皆为序章!,0,1,1558489018
45,1618649702820867,贸易战使劲打，我们老百姓全力支持！,0,0,1543664648
46,6695109634166292491,我爱我的祖国，祖国需要我的时候，我会豪不犹豫的挺身而出,0,0,1558826693
47,6697548789538045955,中国终究是中国，以大局为重，我为我的祖国骄傲！！！！！！！,0,0,1559394599
48,6698631987856736267,想到贸易战就生气。支持中国！,0,0,1559646803
49,6702549784210898956,有国才有家，我爱我中华，国人必须要团结，打败美帝国。,0,0,1560558985
50,6701702940489007108,朝鲜战争，越南战争，美国人还不醒悟。发扬老一辈的光荣使命。,0,0,1560361835
51,6702221760282066955,伟大的，光荣的正确的中国共产党万岁！,0,0,1560482611
52,6690427763536543756,这文章真接地气,0,1,1557736607
53,6675150547240468493,厉害了我的国，爱我中华，有国才有家,0,0,1554179605
54,1618652374952030,凡事有利有弊 多思考认清现实,0,0,1543667197
55,1618646238616589,中国内需大，有损失但不会怕,0,0,1543661345
56,1618703789350932,稳住 平静才是硬道理,0,0,1543716229
57,6701621297405050884,中秋节？还是端午节,0,0,1560342803
58,6696246473690431495,中国人是自信的,0,0,1559091385
59,1612553829839875,中美贸易战，无论国家遇到多大困难和险阻，我都支持中国！,1,8,1537851171
60,1612501526655048,我是中国人，我爱我的祖国，人民支持祖国，（对）就是这么简单。,1,1312,1537801291
61,1612573502273543,我是中国人，中国是我的家，大家小家都是一个家，坚决支持我的家，,1,24,1537869932
62,1612495148127245,时间将证明，特朗普是美国历史上最失败的总统，其就是疯子，想想也是，神经错乱之人哪有信用可言，哪有道理可讲，哪有章法可循，此人当道乃美国人民之悲哀，世界人民之悲哀，其不会有好结果的。,2,684,1537795208
63,6693659670923902984,凡事过去，皆为序章!,0,0,1558489097
64,1612531081111566,美帝很早以前就以布局围剿中国了，在南海 ，台湾，钓鱼岛，朝鲜半岛不断挑起争端，不断利用越南、菲律宾、台独、日本、韩国、印度挑起争端，在环太平试图围堵中国，但是都被我英明伟大的国家挫败了。奥巴马政府还算讲些规矩，但特朗普政府彻底撕下伪善的面具，不顾一切跳到前台来，露出了流氓无耻凶残丑恶的真实嘴脸，这时的民主自由全被霸道和无节操无底线代替了，让全国人民彻底认清了美帝真面孔，也让国内一些摇尾乞怜的美狗暴露出来。贸易战只是美帝全面遏制中国发展的手段之一，看看特朗普穷凶极恶的样子，恨不得把整个太平洋舰队都开来，耍横不行就直接武力恐吓，美帝这些做法的目的其实就是要维持巩固住其全球霸权，只许老子天下第一，绝不容忍地位被其他国动摇。武力称霸、金融称霸、科技称霸助涨了美帝优先的狂傲思维。中国党和政府早已洞悉一切，加大改革开放力度，加大国防建设，深化经济结构调整……以中华民族的智慧积极应对美帝险恶用心。只要国人团结一心，艰苦奋斗，我们一定会取得最后的胜利！,0,98,1537829476
65,1612485498091524,支持中国反击，要用毛主席〈论持久战〉赢它。,7,3477,1537786005
66,1612552726504515,让全世界有良知的人都看清了美国丑恶的一面。,1,5,1537850119
67,1612557469322312,爱国更重要的是要有智慧！要分清谁赚谁的钱？现在是贸易逆差太大，简单的说中国人在赚美国人的钱！我们卖十件产品给美国佬，美国佬可能才卖两叁件产品给中国，所以他要发起贸易战的原因之一，其次是怕中国:超越美国！之所以呢，本人想法是能忍则忍赚到才会赢，超越了他那就是世界我说了算，不要只顾面子苦了国家，一路沉默是金是卧龙藏剑之策略！,1,3,1537854642
68,1612492893849693,兵来将挡，水来土淹。特朗普你还有啥手段，尽管放马过来，我们中国人民坚决抗争到底。[加油][加油][加油],1,61,1537793058
69,1612536318362638,"我大中国已经找到了发展昌胜的最科学的制度: 坚持发挥市场在资源配置中的决定性作用，更好发挥政府作用，鼓励竞争、反对垄断；将切实办好自己的事情，发展更高层次的开放性经济，与世界上一切追求进步的国家共同发展、共享繁荣。
 中国从此将永远立于不败之地。",1,65,1537834471
70,1612523463236632,坚决反击，奉陪到底！,0,88,1537822266
71,1612487197379597,世界两大巨头的搏奕，中国必胜！,1,82,1537787625
72,1612555818682371,中国的人民这么努力的工作，不能让美国用不正当的手段毁了。希望大家也贡献自己的力量，别让自己的劳动价值被美国卷走了,0,21,1537853068
73,1612986022275085,爱我中华，以国为荣[加油],0,15,1538263342
74,1612488729430030,同仇敌忾，战斗到底。美帝灭亡，必早到来。,0,63,1537789086
75,1612486424833037,贸易战告诉我们 内需强大 才是真强大,0,54,1537786889
76,1612487746714765,做有骨气的中国人,0,60,1537788149
77,1612486789376014,写得好！面对困难，同仇敌忾，一定胜利！,0,52,1537787236
78,1612548833815565,看到大家的评论，真是太高兴了，为有我这么多爱自己祖国的人们，感到无比的自豪和欣慰。有国才有家。永远记住一个不爱自己生你养你祖国的人，猪狗不如。也永远没有好现下场,0,5,1537846406
79,1612486541933576,对美国商品征收20%的关税，让他牛。,0,58,1537787000
80,1612572594285677,得道者多助，失道者寡助！多行不义必自毙！天作孽犹可活，自作孽不可活！懂英语的翻译下，送给美国佬！,0,13,1537869066
81,1612557093646343,中国不是当年的日本！祖国一定会越来越强盛！,0,12,1537854284
82,6698384390043189260,支持祖国,0,0,1559589208
83,1612572296595533,我愿意购买➕40元后的居民保险[呲牙],0,10,1537868782
84,1612552151990285,主旋律，正能量！,0,3,1537849571
85,1613179871348739,中国加油！我爱中国,0,1,1538448211
86,1612566308314119,对美霸不能有幻想。他把你中国当最后敌人，有些人讨好幻想真天真，只有做好自身繁荣富强，和友好国家团结相处，少和美帝贸易往来，中国要实现好梦才成真。用正确走毛泽东路线，一切就会成功！,0,3,1537863071
87,1612569370727428,别人2千亿，我们才5百亿差太远了，建议国人都别买美货(像苹果什么的),0,6,1537865992
88,1612549612657716,今天中秋，特殊意义的中秋，历史必将铭记这一天！,0,10,1537847162
89,1613752109758472,苹果手机贵了？,0,1,1538993940
90,1612568418894878,坚决拥护习大大的治国方针，打倒美帝国主义，和他干到底！,0,8,1537865084
91,1612555462815758,川普就是一混蛋，流氓，地痞,0,3,1537852739
92,1612571958810660,核心技术是国之重器，在别人的墙基上砌房子，再大再漂亮也可能经不起风雨，甚至会不堪一击。而核心技术受制于人，是我们最大的隐患。,0,3,1537868460
93,1612557377001485,做为中国人，我爱我的祖国。愿祖国强大，人民安康,0,4,1537854554
94,1612566296537102,在中美贸易战中，中国经济是否可以持续抗衡美国的加税挑衅？假若中方不想打贸易战是否可以寻找其它途径解决贸易摩擦？,0,2,1537863060
95,1612562893292557,坚决以强硬的手段打击，流氓，无赖。,0,2,1537859814
96,1612562791217159,我认为把苹果手机应该加征百分百的关税，因为中国是苹果手机最大的消费市场，难道那些不用苹果手机的人都会死吗？最看不惯的就是崇洋媚外的走狗。,0,2,1537859717
97,1612622201609223,中国加油！美国必败！大国运势已不可逆，特朗普二传美国助攻中华崛起,0,1,1537916375
98,1612570796697614,六十多年来，近百场的战争战乱祸害全世界，其万恶之源唯美国为罪魁祸首！,0,5,1537867352
99,1612557485868100,美国在特朗普的瞎折腾下，蹦哒不了几天了，彻底沦为无赖的国家，还能在国际上有立足之地？当全世界做好准备隔离美国的时候，也是美国像热锅上的蚂蚁慢慢没落于世界边沿了，让我们的祖国做好充分准备，联系更多被美国欺凌的国家，扩大统一战线，提早把美帝变成杂流国家[赞],0,1,1537854658
100,1612572884973614,坚持就是胜利，美国就是纸老虎。,0,3,1537869343
101,1612568454924291,今天中秋，特殊意义的中秋，历史必将铭记这一天！,0,7,1537865129
102,1612569885177864,把美帝国打疼了，它才会座下来和你谈。,0,7,1537866482
103,1612563657948168,厉害了(ง •̀_•́)ง我的国，作为一名中国人我感觉无比自豪，中国将会站在世界舞台的中心。,0,2,1537860544
104,1612563037288461,特朗普就一地痞流氓！,0,2,1537859952
105,1614462828228611,美国是不想让我们过上好日子，我们这么多人过好了会跟它争夺全球资源,0,2,1539671734
106,1612566561564686,手机用华为，真的一点不比苹果差。,0,2,1537863313
107,1612567557925976,"富民 强军 科技
国之重器的核心，必须掌握在自己手中。
民富才能国强。大力发展科技，引进人才，实现伟大的富国强军梦。",0,2,1537864263
108,1612572801691741,一句话：谈，大门敞开；打，奉陪到底,0,2,1537869264
109,1612580418722840,自力更生，丰衣足食。外国有的，我们要有！外国没有的，我们巳要有！中华人民共和国从一穷二白，七十年的风雨历程清醒的告诉我们，人民，只有人民，才是创造历史的真正动力！,0,3,1537876528
110,1612569421118510,中国人团结就是力量，支持国货,0,2,1537866040
111,1612550108463108,美国的霸权主义对世界人民已不起作用，对中国更是如此，他们在世界人民面前已经失去信用与尊严了，就像舞台上的小丑，美国最终的结果就是搬起石头砸了自己的脚，以失败而告终，美国必败！！！,0,0,1537847622
112,1612563424460804,世界最无礼就是美国，我相信昨天输给中国，今天未必会赢！因为中华民族五千文明历史它看不懂更比不了！它也明白只不过做困兽之争！,0,1,1537860321
113,1612549805457416,是不是该沃尔玛消防检查一波了[机智][机智][机智],0,0,1537847333
114,1612550146583565,不屈不挠，不卑不亢，抗战到底，不管你信不信，正走下坡路的美霸，随着时间的推移，必败无疑，时间在我们一方，真理在我们一方，正义在我们一方。,0,0,1537847658
115,1612848421224455,有国才有家，祖国加油！,0,0,1538132115
116,1612615308027917,我爱我的国！在大敌当前的关键时期，我们国人要团结一致做好国家大厦的基石！同包们加油！,0,0,1537909801
117,1612561680053262,美帝真是，横行霸道惯了。得道多助失道寡助，的道理都不知道，坐等世界换老大。[憨笑][憨笑][憨笑],0,2,1537858657
118,1612560088689671,象当年抗美援朝一样，叫他再一次认识我们中国！,0,2,1537857140
119,1612571649588232,爱我中华,0,7,1537868165
120,1616986837558275,中国硬气！,0,3,1542078816
121,1612555847776307,中国必胜！！,0,3,1537853107
122,1612550156759118,说得好！对付特朗普一类小人，最为重要的就是将其驳倒，批臭！宣传与实战同等重要！,0,0,1537847668
123,1612549606046734,我觉得美国在试探我们的意志和经济积累及应变能力，还有可能的毒招使尽后，会否原形毕露不得而知。,0,0,1537847143
124,1612551315459085,中国可与海洋中心岛国合资建机场以方便旅游度假,0,0,1537848773
125,1612570739039245,赳赳中华，共赴困难,0,3,1537867297
126,1612552964304899,"凡是过去，皆为序章。
眼下的特朗普就好像《天龙八部》的魔僧鸠摩智挑战少林寺的高僧，来势凶猛，去时狼狈",0,0,1537850345
127,1612551012712462,我用华为！我用国货！我爱中华我的母亲！,0,2,1537848484
128,1612571522969630,我是中国人，所以我必须支持我的母亲！,0,5,1537868044
129,1612571679316029,50年前己被打败的美帝，现在我们照样能战胜，中国加油。,0,8,1537868193
130,1612567123061774,特朗普执行的是美国国家政策，代表着国家意志。全力打压中国，决不让中国成为科技强国，是现任及往后多任美国总统必须担承的重要职责。故中美贸易战难免是场持久战，既便换了总统，美国国家战略不会变，战术会更周全。,0,1,1537863848
131,1612567090592846,是中国人就应该有良知，从贫穷发展到现在，容易吗？我们是靠自力更生。对于那些颂洋媚外的人必须认识到，中国人不怕任何人欺负了。,0,1,1537863817
132,1612563581608963,如果能把美国打服，再苦十年又如何。持美债本身就是平衡中美贸易，可美上头上脸有点自大，关税我们以打完，接下来减持美债别让美国下手割韭菜,0,1,1537860471
133,1612561228275726,我买的都是国货不买美国货。中国强大才是国人的福气,0,1,1537858227
134,1612550759396356,美国黔驴技穷了。,0,3,1537848243
135,1612565953199112,不买美国大豆了，但国内的豆腐没涨价。厉害了我的国。,0,4,1537862733
136,1612571052029981,有理有节有力打持久战,0,4,1537867595
137,1615476344300551,我爱中国、爱我们的母亲,0,0,1540638298
138,1612570869071886,中国人早就想到了只有美国想不到美国贫穷落后想和世界第一的中较量让你死无葬身之地,0,1,1537867421
139,1612566936291332,永远支持祖国,0,0,1537863670
140,1612566225494030,有信心 沉住气 做好自己的事提高凝聚力最终MD会趴下的,0,0,1537862992
141,1612569091884036,美国给咱二千亿加百分之十的关税，咱就给它六百亿加百分之二十或百分之三十的关税，这样就对等些,0,0,1537865726
142,1612560482723843,针锋相对，有理有节，着眼长远，立足当前，理智反击，抓住要害。坚持不懈，在贸易战中发挥韧劲越战越强。,0,2,1537857516
143,1612556714539012,这也与我国人民团结在以习总书记为核心的党中央周围有着直接的关系，团结就是力量，团结就能克服一切困难，团结就能打败一切来犯的敌人。团结，就是我国永远立于世界之巅的根本。,0,0,1537853922
144,1612550366977028,支持祖国[加油][加油][加油],0,1,1537847868
145,1612557445669895,美国政府一直都不讲信用，唯恐天下不乱！我坚决拥护国家支持国货,0,1,1537854619
146,1612571706351688,很荣幸！亲身经历着中美贸易战时期！每天都在关注进度与变化！亦真亦假！亦好亦坏！但始终相信：中国必胜！！！这是时代发展，大势所趋！！！,0,5,1537868219
147,1612563745767437,天下之患，最不可为者，名为治平无事，而其实有不测之忧。,0,1,1537860627
148,1612552982731784,支持国家决定，请精美分子闭嘴！,0,1,1537850363
149,1612563006794766,祖国，我爱你。,0,0,1537859923
150,1612549090975752,多么希望全世界联合起来打败美帝国强盗行为！,0,1,1537846652
151,1612571980340323,这个地球上第一个消失的国家就是美国！,0,5,1537868481
152,1612557648702541,我爱你！中国！,0,0,1537854813
153,1613629310495758,由这件事，我联想到了京东所发生的一系列事情。这难道没有必然的联系吗？我相信我们中国人不惹事，但更不会怕事。,0,1,1538876829
154,1612555723830275,相信党！相信国家！困难会过去的，胜利属于正义者！,0,1,1537852977
155,1612555176851534,从此再也不进口美国的转基因大豆，等同于鸦片，甚至更过之,0,1,1537852456
156,1612561618233347,党中央的决策代表了我们的心声！中华团结如一人，试看老美怎么办。,0,1,1537858598
157,1612669939643415,"其实中国市场救了数之不尽的原来看似没希望的企业及品牌。由其是来自美国和日本的企业或品牌。可能这就是人性或被迫的无奈吧。我自已生活也暂时离不间 Window,IOS,安卓,Apple,万宁(怡和系),星巴克,7-11,甚至小区内坐的电梯…孩子玩的玩具…平时看的电影…医院内的医疗设备……唉……简直不能尽录…经常愧疚。但愿明天会更好。",0,0,1537961902
158,1612567167698948,祖国万岁！,0,1,1537863891
159,1612569790464013,理性分析，有理有据，通熟易懂[赞],0,0,1537866392
160,1612574983908436,是中国人都应站在一起，对付美国是很容易的！,0,0,1537871345
161,1612563907346509,作为一个有尊严的中国人，我想提大家，不买苹果🍎之内的美国货，抵制美国产品，以此报答自己的国家，从我做起……,0,1,1537860782
162,1612569792364551,国运昌盛！,0,1,1537866394
163,1612550581559309,有国才有家，支持我的国！,0,1,1537848073
164,1612554723770372,中国人有志气有能力，不怕美国打贸易战，胜利永远受于中国！,0,1,1537852023
165,1612557938761736,淡定而理性！,0,1,1537855089
166,1613731173400580,支持国货，支持国家的决定,0,1,1538973973
167,1612553226730509,中国加油。。。。。。。,0,1,1537850596
168,1612553192892419,消费！支持国家！昨晚中秋夜本人清费了3620元，为国家经济贡献绵薄之力！,0,1,1537850563
169,1612551114681358,时间会证明一切。,0,1,1537848582
170,1612555047147527,大气还稳扎稳打。的确真正的大国风范，反观特朗普，如同希拉里个奥巴马的驳斥，丢美国的脸,0,1,1537852332
171,1612551586082820,全世界被特朗普贸易制裁的国家联合起来，大家一起抵制美国产品！团结一切可以团结的力量，打击贸易霸权主义！反对特朗普政府，美国下届总统选举，特朗普必下台！,0,1,1537849031
172,1612555858595844,深度好文,0,0,1537853106
173,1612555747105800,我的祖先是中国人，我也是中国人，我支持中国。,0,0,1537852999
174,1612555576426503,论智慧，中国可是祖宗,0,0,1537852837
175,1612554515139588,哪有真心不爱自己的祖国的,0,0,1537851824
176,1612554404063239,很多人还在买苹果,0,0,1537851719
177,1612551868754951,放弃幻想，积极备战，谨防美帝军事冒险,0,0,1537849301
178,1612551779920899,无赖国家美国,0,0,1537849216
179,1612551762483203,流氓国家最好断交,0,0,1537849199
180,1612551170718724,拭目以待,0,0,1537848635
181,1612549977686023,为祖国点赞,0,0,1537847497
182,1612564306664455,美国是个出尔反尔的国家，和这种无赖有什么好谈的，坚决支持国家对美帝的贸易战，胜利必将属于大中华,0,2,1537861162
183,1612570504684548,永远支持我亲爱的祖国！！%,0,1,1537867073
184,1612557032122375,转发了。,0,1,1537854225
185,1612554989717668,大气还稳扎稳打。的确真正的大国风范，反观特朗普，普通希拉里个奥巴马的驳斥，丢美国的脸,0,1,1537852277
186,1612553855443971,我爱我的祖国!更热爱祖国的大好河山!,0,1,1537851195
187,1612558626657294,贸易战的背后是政治战、军事战……是美国一连串扼杀中国崛起的手段，要警惕啊！,0,1,1537855745
188,1612550060060680,我好像没有买过美国货，,0,1,1537847576
189,1612559534688260,希望特朗普连任，把美帝国主义搞垮。,0,1,1537856611
190,1612556621030414,看到这么多有骨气的人拥护自已的祖国！感动！,0,0,1537853833
191,1612554457609219,美国人只有把它打痛才会和你真正回到谈判桌前,0,0,1537851770
192,1612557158462467,掌握核心技术就有叫板别人讹诈的信心和底气。,0,1,1537854345
193,1612567678256179,现在骂他们有什么用呢，只有用行动来证明我中华，大家齐心协力，为国争光争气，不购它们产品，不去它国游玩，这也是为国争光争气的表现。,0,1,1537864378
194,1612554833561604,这是贸易战的一条指路明灯。[赞][赞][赞][加油][加油][加油],0,1,1537852128
195,1612555936862221,美帝国主义吃相太难看,0,1,1537853180
196,1612555448296456,[大笑]放开外汇管控，击垮美国经济,0,1,1537852714
197,1612553631079431,我是中国人、必须支持国货！我热爱祖国，只要国家有需要，奋不顾身！义不容辞！,0,1,1537850981
198,1612553674231812,特朗普这个无赖小人以为打贸易战就像小孩子打架，认为自己强，就喊我打你你不得还手哦[抠鼻]这无赖的总统带出了一个无赖国家。[泪奔],0,0,1537851022
199,1612553573565507,人民有钱才能有内须,0,0,1537850927
200,1612553423587336,美国不讲信用，不讲道理，胡搅蛮缠！帝国主义贪婪的本性充分暴露！,0,0,1537850783
201,1612553420125188,我觉得，应该放绝招了：完全禁止从美国进口任何东西 ，自力更生自给自足,0,0,1537850780
202,1612553373415428,果然好文笔，支持祖国对抗美帝[赞][赞],0,0,1537850736
203,1612553320458244,所以我的笔记本电脑从联想换成清华同方了！,0,0,1537850685
204,1612553308920846,s不要忘记美帝就是敌人！,0,0,1537850674
205,1612553256351758,支持国产，顺便提高国货竞争力,0,0,1537850624
206,1612553230114824,"毛主席曾经说，要打，由美国决定。美国要打，我们就打上去。但是怎么打，打多久就不是美国决定了。
敢于战斗，善于战斗，不对称战斗！！！",0,0,1537850599
207,1612553029091342,支持我的祖国！愿祖国繁荣昌盛！！,0,0,1537850407
208,1612552798934020,用上甘岭的精神赢他！,0,0,1537850188
209,1612552521303117,祖国加油，支持……,0,0,1537849923
210,1612552520863758,祖国加油！,0,0,1537849923
211,1612552485958728,这次我的国干得漂亮，给力[赞][赞][赞][赞],0,0,1537849889
212,1612552471135235,文章写的不错[赞],0,0,1537849875
213,1612552247031816,我爱我伟大而又勇敢的祖国！,0,0,1537849661
214,1612550961185799,支持国产～～支持祖国！！！,0,0,1537848435
215,1612550865588228,👏👏👍👍,0,0,1537848344
216,1612550825638030,[赞][赞][赞][赞][赞][赞][赞][赞],0,0,1537848306
217,1612550682241092,美国打压中国高新企业，中国也理应回礼才对，不是吗？来而不往非礼也,0,0,1537848169
218,1612571647896580,加油我的国[赞][赞][赞],0,5,1537868163
219,1612556956794884,团结就是力量。上下一心，其力断金。没有可服不了的困难，没有战胜不了的敌人。,0,1,1537854153
220,1612570392519684,不管打什么战，都坚决支持祖国，绝不退缩,0,2,1537866966
221,1612560322549838,想让中国屈服，妄想！！！,0,1,1537857363
222,1612558138521614,今天是我们中国的传统节曰，中秋节。也是回积美帝的最好时及。我们中国人什么都不怕。从前不怕美帝国主义，现在更不怕，要打来现的。,0,1,1537855280
223,1612561461933060,我们还没有强大到有开第一枪的能力的地步,0,1,1537858449
224,1612559047709704,老美真是不懂中国文化，中国人吃软不吃硬，既然要打，奉陪到底，来而不往非礼也！！！,0,1,1537856147
225,1612559960442888,我是炎黄子孙，我是中国人，支持祖国，祖国是我的家，我们的家。,0,1,1537857017
226,1612559591316493,一篇好文,0,1,1537856665
227,1612571345402910,希望早点结束这种事情，美国要改变，中国更要改变。希望双方都能遵守WTO规则！,0,2,1537867875
228,1612565264323677,抗美援朝，我们和美国打的是军事，现在的贸易战我们打的是经济，美国人愿意打多久，我们就跟他们打多久，一直打到中国人完全胜利为止，我们一定奉陪到底，因为我们全国人民在中央领导下都是团结的一盘棋，我们不会输。,0,2,1537862076
229,1612575071959047,生意是两厢情愿的事，有利就做，共利才可贸易。过去几十年，肯定互利，否则，也不会进口一千多亿，出口五千多亿美元的规模。具体谁利大谁利小，争论已无多大意义，应着眼未来，怎样相对客观、公平地处理双方的经贸关系。相信双方的首脑团队会就投资、贸易、知识产权达成双方都可接受的全面协议。中国需要美的高端科技产品，美国需要物美价廉的中低端消费品，优势互补，共利共赢。强调单方的利益诉求，肯定谈不拢。,0,1,1537871429
230,1615776943298574,中国，世界人民的中心国家，不称霸，不畏強暴，不欺负小国，展现大国风范，与人类同呼吸，共命运，打造人类命运共同体，世界人民向往，信赖之大国。为习主席点赞！为伟大的中华人民共和国点赞！,0,1,1540924971
231,1615443224648711,🌟🌟🌟🌟评价到位！👍👍中国人民有志气能战胜一切挑战。大风大浪，最苦的日子都过来了，还怕什么！美国霸气不愿做生意没什么，我们有一带一路国家。有欧洲国家，还有巨大的神州广大发展市场！还有自古以来勇于创业，创新，不畏惧任何艰险阻敢叫日月换新天的英雄品质！相信地球离了谁照转，中国改革不停步，前途无限！中国人是有恩必报的善良仁义民族，尽量与才200多年历史的美国不闹翻，是考虑不愿失去广大友好美国人民朋友的！相信多行不义，必自毙！特朗普投机商总统将美国输的精光，美国人总会清醒最后定会抛弃他的！中国与各国友好的航船必定经过风浪到达幸福的港湾！！✌👍🌺🌸🌇🌈🎑。,0,2,1540606713
232,1612559803415555,现在的特朗普以奸商丶恶商的心态象过去对付国内同行对手来玩弄大中国，我想，他眼不高手亦不高，他完全看错人了，看错大中国了！事实将继续证明，特朗普肯定败阵，肯定不好下场，肯定搬起石头砸烂自己的脚丶弄糟自己的国家！等着瞧吧，胜利一定属于坚强的丶智慧的丶伟大的中国人民！！！[加油][加油][加油][加油][加油][加油],0,2,1537856868
233,1612559445139470,天下的祸患，最难以解决的，莫过于表面上平安无事，实际上却存在着难以预料的隐患。,0,1,1537856526
234,1612567646571559,CCC,0,0,1537864348
235,1612574991140887,很好的分析文章，对近半年的贸易战进行了深刻的分析解答。加油中国！别管美国，做好自己的事，中国的复兴不可阻挡。,0,1,1537871352
236,1612556893347907,和疯子无话可谈,0,1,1537854092
237,1612572113766408,老美再加水我国就对美制裁，对美断供,0,5,1537868608
238,1612566006967309,美国的敌人就是我们的朋友！越怕越受欺负,0,0,1537862784
239,1612570704844829,我是中国人，我爱我的祖国，坚决支持祖国，中国必胜,0,2,1537867264
240,1614628167791629,看来，祖国人民不能意气用事，针锋相对，在可控范围之内，反而效果很好[赞][赞][赞]，支持祖国，[祈祷][祈祷][祈祷][祈祷],0,3,1539829414
241,1612561570758728,我爱我的祖国！我的孩子也比我们的祖国！中国人团结起来，终止美国的霸权！,0,0,1537858553
242,1612549757301764,天要其亡，必让其狂！美利坚衰败的开始，特朗普只是一个助推器而已。只要我们咬紧牙关，挺过这一阵，后面一定是崛起的康庄大道！角色互换，只是时间问题[加油][得意][祈祷],0,0,1537847287
243,1612563573420040,我是中国人，我爱祖国，就这么简单,0,1,1537860463
244,1612565267720199,"太高明了！
理智，理性。以刚制刚，以柔克刚，见招拆招，招招制敌！
在强大的美国霸权主义、经济霸凌主义面前，展现大国风范！
过了这道坎，前途会宽广明亮。坚强的决心，坚定的自信，坚韧的定力，没有克服不了的困难，最终，总会有一个良好的结果的！！！",0,1,1537862079
245,1612567383652439,我爱我的国“中国”。。。,0,0,1537864097
246,1612648914719758,一致对外！,0,0,1537941851
247,1612567088309252,可以抛美债了吧,0,1,1537863815
248,1612561174201512,中国万岁。,0,0,1537858175
249,1612558519592974,我爱我的国家因为我是中国人，,0,0,1537855643
250,1612559061023811,说白了，制栽与反制裁。,0,0,1537856160
251,1612562728591364,万众一心，支持我们祖国，只用我们国货，祖国一定会赢！,0,1,1537859657
252,1612552096336909,我是中国人，我爱祖国，就这么简单,0,0,1537849518
253,1612571022281748,他出两千亿，我们出3千亿给他一次性搞定,0,0,1537867567
254,1612561474611208,祖国至高无上。,0,0,1537858462
255,1615914844065864,美国这次发起贸易战说明了什么，中国不要放过他，给美国一沉重教训，不要同意他提出的要求。,0,0,1541056484
256,1612573616487517,中国不是给美国下大的，中国生意也要打压美国帝国主义者，我们也要对美国制裁一下他的锐气，打压一下美国人,0,0,1537870041
257,1612557669324808,来吧来吧,0,0,1537854833
258,1612550985481229,我们支持政府反击，同时支持政府大力发展高科技和核心技术，大力培养高科技人才，科技强国强军，人才强我国科技则强，人才培养为重中之重，人才培养得从孩子开始，故培养孩子更是重中之重之举，,0,0,1537848458
259,1612550253601864,有国才有家，支持祖国展开有理有节的反击。希望祖国繁荣富强！,0,0,1537847760
260,1612549614153742,反制抗击美国是国民心声，支持我们强大伟大的祖国，祖国万岁！,0,0,1537847150
261,1612628420888580,贸易战的根本目的是遏制中国,0,0,1537922306
262,1612564168144910,泰山顶上一青松任凭美国搞风搞雨，我自屹然不动！,0,0,1537861030
263,1612550892346376,美国霸道习惯了，想对那个国家制裁马上制裁，只要不顺从就打贸易战霸权主义，我们奉陪到底。,0,0,1537848369
264,1612569063392302,挺住！认输一切都完了！,0,0,1537865699
265,1612558160932871,中国人口众多，拉动国内消费，比美国强多了,0,0,1537855301
266,1612557886053384,三个没想到啊,0,0,1537855039
267,1612557739265038,最没想到的就是美国居然会这么彻底。,0,0,1537854899
268,1612554158111748,最重要的是：通过贸易战，中国已经看到了自己最大的隐患！👍👍👍这是进步啊！知道了在别人的地基上砌房子，再漂亮也是白费劲！,0,0,1537851484
269,1612551338040328,今天看了《宣讲家网》播放的中国政法大学副教授郭继承主讲的《传承中华文化，弘扬传统美德》，受益匪浅！中国五千年的文明，让我们对国家有文化的自信，对中国共产党有制度自信，更激发了我们的爱国情怀！我们爱自己的祖国，爱自己的党和政府，全力支持国家坚定的打与美国贸易战！相信中国一定会赢！,0,0,1537848795
270,1612555400648707,一句话:奉陪到底！,0,0,1537852669
271,1612554591139971,见招拆招！,0,0,1537851897
272,1612551502809092,团结一心，战胜困难。,0,0,1537848952
273,1612564345384974,美国真有意思，这样打下去能占道什么便宜？中国最困难的100年不一样勒紧裤腰带过来了吗？,0,1,1537861199
274,1612669607024643,"其实中国市场救了数之不尽的原来看似没希望的企业及品牌。由其是来自美国和日本的企业或品牌。可能这就是人性或被迫的无奈吧。我自已也暂时离不间 Window,IOS,安卓,Apple……唉。",0,0,1537961585
275,1612555941484547,现在学学毛爷爷的论持久战甚为必要！,0,0,1537853185
276,1612555920549891,好文章！美可耻的嘴脸警醒了国人，特别是亲美的精英。中国的理性源于自信，也是在让美悔改，给台阶让其下。美如疯狂，必输的头破血流！,0,0,1537853165
277,1612555640183812,"针锋相对才是扼制美国挑事的良好手段。中国对外开放,就不对美国开放",0,0,1537852897
278,1612555011510275,打美国的要害，不在多在精[赞][赞][赞],0,0,1537852298
279,1612554698692621,中国人民独立自主，自力更生，奋发圖强，不畏强暴。美国的無赖行为只会使我国人民团结一致更争一口气。坏事变成好事！,0,0,1537851999
280,1612554310037512,团结一致对外。苹果你会吃一口吗？,0,0,1537851629
281,1612552010766355,本来想买台新电脑的，现在不买了,0,0,1537849436
282,1612551526307847,永远无条件支持国家[加油][加油],0,0,1537848974
283,1612551197515779,我们要重新审核美国是一个什么样的国家，以后打交道要有分寸，建议定为邪恶国家妥当点。,0,0,1537848661
284,1612550089137160,支持国货,0,0,1537847603
285,1612548580000798,我想起了毛主席的诗词：不管风吹浪打，胜似闲庭信步。具有五千年文明智慧的东方大国，岂能被这群嗡嗡叫的跳梁小丑吓倒？中国人民紧紧团结在中国共产党周围，沉着冷静应战，最后的胜利一定是属于我们的！,0,0,1537846164
286,1612557920914451,不管是以前战争还是现在贸易我们 坚持斗争，最后胜利。,0,0,1537855072
287,1612562468251652,特离普完蛋了,0,0,1537859409
288,1614267437182980,美国现在的举动说明了两个问题：一是中国崛起之势让他害怕；二是美国自己的科技工业发展陷入瓶颈，无法拉大与中国的差距。不管怎样，如果美国无法接受这个现实，那贸易战没有终点，中国也没理由会输！,0,0,1539485394
289,1612557757705224,以柔克刚太极为上，方圆共济软硬兼用！,0,0,1537854917
290,1612556310579203,美国一直是不讲理，仗着军事实力，美圆霸权，想打谁就打谁，想制裁谁就制裁谁，随便找个借口，打你没商量，一副我是流氓我怕谁的无赖嘴脸。随着世界正义力量不断强大，老美你还能横行几时？,0,0,1537853537
291,1612554276287491,还是抓紧大力发展国防最重要,0,0,1537851597
292,1612568352912462,果然是人民日报，有深度，有文字功底,0,0,1537865021
293,1612565697738766,太少了.他增加百分之+.我国就应增加百分之二+.你来我往,0,0,1537862489
294,1612550037343239,当年俩个超级大国虎视眈眈都没有能压垮，吓倒我们，何况今日呼！做好自己的本职工作，永远和祖国人民站在一起。,0,0,1537847554
295,1612555468076056,精辟的分析和总结,0,0,1537852733
296,1612555419153411,下次五千亿，中国可有准备？再下次呢？我们都得备好。象上安岭一样样的，必须的,0,0,1537852687
297,1612549199392781,生意不做就是了,0,0,1537846755
298,1612564151227400,美帝是纸老虎，不用怕，大不了不做生意，专心炒股,0,0,1537861014
299,1612554254412803,美国是强盗，是黑帮老大。和美国打交道须要有策略用绝招。用其它都不好使，都要吃大亏！,0,0,1537851576
300,1612550343573517,我们有一整套完整的政治哲学思想能为我们指明前进的道路！而美国我感觉，总统像二哈一样！,0,0,1537847846
301,1612556309548039,[赞][赞],0,0,1537853536
302,1612553187492868,中国对外发展经济，贸易往来都是以互惠互利，合作共赢的原则，但对待那种一意孤行，我行我素，出尔反尔的态度，中国绝不退让。而最终损失的是美国政府自己，还有美国的民众，因为他们离不开中国的物美价廉的商品，世界上没有第二个国家的替代品。,0,0,1537850558
303,1612549942375432,我爱我们的国家，坚决拥护中国共产党！,0,0,1537847464
304,1612557826446349,着只是刚开始,0,0,1537854982
305,1612555019037703,一定要买华为,0,0,1537852305
306,1612553098242051,中国一贯都是理性的克制的，一贯都讲人不犯我我不犯人，但是对那种无赖和欺负人的人就要无情的回击，必须让他疼，否则他就是觉得你好欺负！,0,0,1537850473
307,1612552619810845,中国就象当年抗美援朝一样有底气有勇气有胆识抗击美国，为祖国点赞,0,0,1537850017
308,1612551572584461,不怕美帝，要让美帝知道我们有12亿吃苦耐劳的劳动力做祖国的后盾,0,0,1537849018
309,1612568351720456,没有美国地球照常转！,0,0,1537865020
310,1612556338941960,坚定反击，决不屈服！,0,0,1537853564
311,1612554968374285,有国才有家，支持祖国,0,0,1537852257
312,1612551714199566,我爱你中国！我们都有一个家，那就是中国！,0,0,1537849153
313,1612551660535812,[赞],0,0,1537849102
314,1612549717452814,打持久战 无人能敌,0,0,1537847249
315,1612562323207171,为你点赞！,0,0,1537859271
316,1612573820298302,来而不往非礼也。,0,2,1537870235
317,1615185690394632,别忘了，12月24号圣诞节前再给美国来一下。,0,0,1540361109
318,1613525563005966,hao,0,0,1538777888
319,1612549848945678,三个没想到,0,0,1537847387
320,1612558234065923,坚决打击美帝，响应国家号召。,0,0,1537855371
321,1612558095417352,支持我的国，一定要把美帝打残,0,0,1537855239
322,1612558040075267,好文!句句在理!,0,0,1537855186
323,1612555314014212,美国不顾信用不讲道理胡搅蛮缠，这是它的本性，自认为是世界老大世界领袖，它可以退出世界各类协议或各类组织，可以下达针对全世界的命令！（如全世界国家自11月4日起不准进口伊朗石油，否则将遭受它的制裁）。,0,0,1537852586
324,1612569305628845,当年的那么穷，联合国军也没怕，现在底气足了，还怕你老美的讹诈？,0,0,1537865930
325,1612564114307079,制裁特朗普!,0,1,1537860979
326,1613661936521293,美国的做法要谨慎看待，怕是醉翁之意不在酒呀,0,0,1538907944
327,1612570488213581,真心不应该再去买水果手机了，我的同胞们,0,1,1537867058
328,1612551541014606,告诉美国，发展权同自由，人权一样是普世的价值观念，任何国家和民族都权利依据自身的条件制定发展方向和现划。美国不是上帝，他可随意指定那个国家或民族做人，那个国家只能做牛羊，这是美国精英最愚蠢的心里。,0,0,1537848988
329,1615643231189059,华为顶起，苹果淘汰，在中国就没有卖肾买苹果了,0,0,1540797454
330,1615202373179399,华夏5亿年，打倒美国,0,0,1540377019
331,1612565337205768,写得好！！！[赞][赞][赞],0,1,1537862145
332,1612565121982478,亮剑！真心支持！,0,0,1537861940
333,1615826847226888,家是最小的国，国是千万家，没有国那有家，好好生活是梦想，祖国强盛是信仰，没有信仰就没有梦想!中国人要爱国，要自信，我是中国人我自豪我骄傲!,0,0,1540972564
334,1612564536720423,深度好文！学习了,0,0,1537861382
335,1612553057025038,稀土禁运，不再出口，一切问题迎刃而解,0,0,1537850434
336,1612552934132740,美帝已沦落为无赖的流氓国！,0,0,1537850317
337,1612552924263427,拒绝美国货[发怒],0,0,1537850307
338,1612552820965390,慢慢的拖，不要着急，中国老祖宗的智慧多去了，中国立国几千年，文明古国，美国才几年，斗智斗勇，老美还得有几个世纪时间去上幼儿园学习学习吧！幼儿园毕业了再和爷爷奶奶带它们玩吧！,0,0,1537850209
339,1612552124208132,没说的，支持,0,0,1537849544
340,1612551422814312,面对强权，不妥协,0,0,1537848885
341,1612550347136029,中华民族复兴是不可阻挡的，加油我的祖国！[加油][加油][加油],0,0,1537847850
342,1612623878031373,美国如果真打，我国不妨抬高出口美国产品价格，关税高价格也高,0,1,1537917974
343,1615809765287943,要主动出招，其实美国也接不住，先出手的要放狠招,0,0,1540956273
344,1615320519340036,中国人都是好样的，关键时刻人们都能团结在一起，中国人是压不趴下的，敌人对我们越狠我们越是坚强[赞]，如果真的有战争中国人会义无反顾的冲上去的,0,0,1540489692
345,1615167565203459,厉害了，我的国[赞][赞][赞][赞],0,0,1540343823
346,1614907368854669,支持国产国货，打到美帝主义,0,0,1540095681
347,1613447216303107,纵观历史中国每一次强大都是空前的团结，这次世界上的炎黄子孙用实际行动(多买国货，国内旅游)团结起来，最终胜利属于中华民族！,0,0,1538703171
348,1613125474494467,美国什么时候换届？明年？,0,0,1538396334
349,1613028143742983,要是打到圣诞，有美国人好受的,0,0,1538303512
350,1612895667660807,坚信中华之崛起乃历史之必然！,0,0,1538177173
351,1612648098635789,希望中产阶层人士少用美国产品、少上美国、日本旅游。爱国就在中国消弗！！,0,0,1537941073
352,1612586333270046,我爱您，中国！我爱您，伟大的中国共产党,0,0,1537882169
353,1612574555151411,爱我中华，不消费美国产品，身行立为、,0,0,1537870936
354,1612553926011971,全力支持国家,0,0,1537851263
355,1612553770680324,核心技术——重视科技、重视人才；全面发展、均衡发展，不怕任何人制裁，制裁必反击。,0,0,1537851114
356,1612553260752899,对美国这样的无赖国家，必须要用毛主席的“论持久战”让老美吃不了兜着走。,0,0,1537850628
357,1612553008536590,坚决支持我的祖国，打败美帝！,0,0,1537850388
358,1612552785153053,这就是中国文化中国智慧。爱我中华，中国必胜。,0,0,1537850175
359,1612552763548686,坚决拥护中央决策层，中国必胜。,0,0,1537850154
360,1612552761211911,我是中国人，我爱我的祖国,0,0,1537850152
361,1612552540313672,加快改革步伐，加快核心技术领域投资。,0,0,1537849941
362,1612551290907662,对这种无诚信诚意的国家，真是无语了。,0,0,1537848750
363,1612626420393032,任何外国人都不了解中国的文化，是美国的制裁导致中国更快的崛起，我的中华,0,1,1537920399
364,1613628925290509,应该想到，美帝的豺狼本性，如今的特狼毒当世界霸主的本来面目！,0,0,1538876462
365,1612807596371971,美国想用对付英国 苏联日本的方法遏制中国的崛起，他也不想想我们国家的经济实力和以前他们那时候能比吗？这一招已经过时了。行不通了！,0,0,1538093182
366,1612553959249927,做好自己事 走好自己路 特朗普就是个跳梁小丑,0,0,1537851294
367,1616936961896451,在南海继续建岛压惊，建立南海自由贸易区，在上海开通原油期货交易人民币结算，进口博览会，把美国和美元赶出去。美国加征关税是北京时间中午12点，那中国反击就12:01,0,1,1542031251
368,1612561707521053,祖国万岁,0,1,1537858684
369,1612554307817502,我们的领袖早就说过：“一切反动派就是，捣乱，失败，再捣乱，再失败，直至灭亡”。对于川普类我们从没抱有任所幻想，所以川普类终究会失望，结果定是自作自受。美国人的智商就是美国人的智商，它无法理解中国文化的渊远流长。,0,0,1537851634
370,1612549715768344,天要其亡，必让其狂！美利坚衰败的开始，特朗普只是一个助推器而已。只要我们咬紧牙关，挺过这一阵，后面一定是崛起的康庄大道！角色互换，只是时间问题[加油][得意][祈祷],0,0,1537847247
371,1612562773965832,宇可昂头死，不可跪着生！,0,1,1537859701
372,1612556998603780,中美贸易战是一场持久的战争，我们要有定力，有信心跟老着周旋，我相信用我五千年的智慧定能打赢这一战，让美国人见识一下中国人的厉害！,0,1,1537854193
373,1612569670904836,我是中国人，我愛祖国！,0,1,1537866278
374,1616714368201732,战争都会两败俱伤，应开放，互利共赢，,0,0,1541818969
375,1612550675108871,抵制美国货,0,0,1537848162
376,1612550563767303,美国想称霸世界！中国是永远不称霸！永远和世界人民团结互助一起富起来！美帝随时间表走下去，末日来临！,0,0,1537848056
377,1612573356620804,有国才有家，这就是经理，全国各族人民，团结起来，支持国货。,0,0,1537869793
378,1615811659888653,支持国家！！！！！,0,0,1540958080
379,1613775523745795,哎！大家太乐观了！,0,0,1539016269
380,1613758030957575,得道多助，失道寡助,0,0,1538999587
381,1613633799529486,支持国货,0,0,1538881110
382,1613267498968259,没有国哪有家！支持国货！中国必胜！,0,0,1538531779
383,1612553904296974,在困难面前，只要全国人民凝心聚力，任劳任怨，就一定能克服。,0,0,1537851242
384,1612553658770510,条条通罗马,0,0,1537851008
385,1612552439042052,没有诚信，出尔反尔的美国政府，今后不管任何事首先应想到对方是不可信的无赖流氓政府。,0,0,1537849845
386,1612568034026509,中国必胜!伟人曾经说过美帝国主义就是纸老虎,0,1,1537864717
387,1612567888094259,祖国加油，为自己是中国人感到骄傲！,0,1,1537864578
388,1614229253993549,彻底清除美国在华的所有日用化学品公司。中国现在百分之九十的日用化学品都是美国品牌占领。这一项，中国每年消费有八千亿。,0,0,1539448980
389,1612634628156420,壮哉我大中华[赞],0,0,1537928226
390,1612550895853571,用毛主席在朝鲜战争的做法对付美国这个泼皮无赖国家是最有效的方法，要让它感觉到疼！,0,0,1537848373
391,1612565274082318,这才是大国风范！,0,1,1537862085
392,1613149008577540,美国输定了,0,0,1538418778
393,1612636165970958,我的爱好，热爱祖国!,0,0,1537929693
394,1612574881508372,从我做起，绝对不买美国货。,0,0,1537871247
395,1612552897953806,我是中国人，支持国货。中国加油。,0,0,1537850282
396,1612552247465997,毛主席说过那里有压迫那里就有反抗从古至今从无到有从小到大从弱到强中国一路走过来了怕过什么怕过谁,0,0,1537849662
397,1612561843670030,加油祖国，我们挺你！💪💪💪,0,1,1537858813
398,1612570223652867,应该加大抛售美国国债最好清零看看特疯子还有啥本事,0,0,1537866805
399,1615271244049412,中国我爱你。热爱祖国，热爱和平,0,0,1540442699
400,1613137542007816,53年，我国很穷，毛主席就敢抗美援朝，现在我国经济，军事强于53年，难道怕美帝。,0,0,1538407842
401,1612570433782788,中国的人啊现在正是为国出力出智慧为中国腾飞铺路。加油吧把握好机会,0,1,1537867006
402,1612556828428312,全中国人民团结起来抵制美货给他一个沉重的打击让他的商品在中国没有市场。,0,0,1537854031
403,1612556433297421,要知道六十年前的中国，更要明白六十:年后的中国。中国人我们必须团结一致，共同渡过:这道坎，去近接华夏的辉煌末来。,0,0,1537853654
404,1612565258223640,支持中国,0,1,1537862070
405,1612564874395661,我是中國人，我愛自己的祖國，支持國貨支持國家對外政策。挺起胸膛勇往直前。,0,1,1537861704
406,1612569656699908,坚持到底。只要老美这次没占到便宜，估计以后再也不敢跟中国提贸易战了。,0,0,1537866265
407,1612553837845668,我是个农民工，没什么支持，只有一颗坚定的心。坚信中国一定能赢[加油][加油][加油],0,1,1537851179
408,1612562435288072,有国才有家，我爱我祖国。支持反击美帝国主义！,0,1,1537859378
409,1612556960883726,没有信誉的美国必败,0,0,1537854157
410,1612556865817678,政府做得对，这篇文章也写得好。,0,0,1537854066
411,1612556777548807,对美国就得用毛主席说的那句话，不能速胜可以缓胜。,0,0,1537853982
412,1612556654775299,:全中国人民团结起来抓,0,0,1537853865
413,1612560592277518,打持久战。拖死美帝:无赖,0,0,1537857620
414,1612558401043470,反制美国，支持国家的正确方式，我们要团结起来，对抗美国，,0,0,1537855530
415,1612558396924996,我是中国人我爱自己的祖国！绝不能向流氓国家低头,0,0,1537855526
416,1612558261019651,写的太好了！有理、有力、有节，中国人民决不会屈服任何压力和欺辱。全中国人民团结一致是会渡过难关，最终达到胜利的彼岸！,0,0,1537855397
417,1612556442747917,祖国万岁！,0,0,1537853663
418,1612556406455300,过山车的配图改下，改成熊猫和鹰。,0,0,1537853628
419,1612561734615054,论持久战,0,0,1537858709
420,1612558439725063,买美国货的，该醒醒了！,0,0,1537855567
421,1612555450188808,支持国家的决策，我们从自身做起！,0,0,1537852716
422,1612556432736285,礼仪之邦，来而不往非礼也,0,0,1537853653
423,1612560567473219,对美国的三个没想到：只能说你们太天真，要么就是对国民不负责任。,0,0,1537857596
424,1612565205770243,美帝国主义永远做不了朋友,0,1,1537862020
425,1612560439862276,支持。,0,0,1537857475
426,1612565419262984,支持祖国，相信祖国！,0,1,1537862223
427,1612570557527102,主要是美国嫉妒我们太优秀了,0,0,1537867124
428,6696389290072801288,中国加油,0,0,1559124634
429,6696246547871154179,我爱祖国,0,0,1559091402
430,6696246331046215684,祖国强大,0,0,1559091351
431,6703315544994971655,中国加油,0,0,1560737279
432,6701706880923811847,"中国人应对美国有清楚的认识:美国一走的是美国优先的政策。当今世界美国是一切动乱的策源地！用中国好一句老话说美国再合适不过:“狗去不了吃屎的本性。""",0,1,1560362749
433,1612487292573700,中国一直都在防范着美国，因为知道帝国主义的本质就是掠夺，所以从没有过幻想。遇到情况以后，可以坦然面对！美国人对于中国的估计，是基于公知的鼓噪。而公知在中国的历史上，从来都是百事无成的人，美国反而花了大价钱去豢养他们，到头来，得出了中国不堪一击的结论，最后特朗普才贸然发动了贸易战！战争打到今天，特朗普团队才知道错判了形势，但想回头未必有机会，因为中国已经掌握了主动权，想结束战争，美国已经需要代价了。特朗普目前要求中国做的，其实不复杂，中国只要认帐就行了，别反制他就有了面子。没想到中国会死磕！这就是特朗普的悲剧！中国人的忍让就是积蓄力量，这点美国人恐怕不大懂，反倒以为草鸡了。这就是两种文化差异的后果。,10,944,1537787716
434,1612539466622999,米国最大的损失个人觉得不是在经济上，而是经过这次贸易战，让原本哪些还憧憬在认为米国是个有责任，守信用的超级大国的年青一代看清了它的真面目，从而更加珍爱自己的祖国，米国在政治上已经败了。,0,6,1537837473
435,1612494178194504,全国人民永远支持国家与美国对抗到底！毛主席说过美帝国就是纸老虎，只要中国人民团结起来，别说小小美国贸易战，就是全面与美国开战也不是问题！我们定要美国强盗再尝朝鲜战争之苦，百年不敢言战！！！,0,54,1537794283
436,1612538865519624,我为祖国骄傲点赞，中国人民不会屈服，坚决支持党中央的决定，中国共产党万岁。,0,24,1537836900
437,1612546928315399,[赞],0,6,1537844589
438,1612548215902211,^团结是战胜困难的最大法宝、同胞们努力吧！,0,9,1537845817
439,1612488161795086,沧海横流，方显中国本色！,0,71,1537788545
440,1612488586008717,中国虽然对美贸易反击，还是给美国留了后路，这就看美国知不知趣了，一味拿强权对我中华那就只有让其知道什么是中华文化，什么是中国的文滔武略。,0,86,1537788950
441,1612486792605784,抛开一切幻想，迎战,0,62,1537787239
442,1612485498785806,加油！我的祖国！,0,66,1537786005
443,1612487891709959,中国人民团结一致，打垮金丝毛，赶快统一台湾！,0,109,1537788287
444,1612544741884936,看完这篇文章我热泪盈眶，看到了祖国的強大，看到到了祖国对贸易战的决心，真是一个強大的国家，挺。,0,34,1537842504
445,1612486398407752,支持我国对抗米国的反击措施，打蛇打七寸,0,73,1537786863
446,1612488357945421,干好本职工作就是对国家的支持！,0,89,1537788732
447,1612487376672781,把美国的股票抛了。,0,69,1537787796
448,1612485389851661,奉陪到底就是胜利！,0,51,1537785901
449,1612486905312269,支持中国，抵制美国。,0,66,1537787347
450,1612486547446792,为“中国有拍板的魄力”点赞[赞][赞][赞],0,86,1537787005
451,1612486835267592,同心，同德，发展自己。,0,101,1537787280
452,1612485098722311,抓住美国的软肋，主动出击一下，效果会更好！,0,157,1537785624
453,1612486173673549,"中国的精英们：中美“搏役”表象是经济，其实质是综合的“胜负”；世界秩序的“主载""。人类与社会发展的归根：只有强者才能暂统天下，而不是万世一统！",0,66,1537786649
454,1612487399392286,美国已经赤裸裸的向着世界最大流氓国家目标前进了！而且马上靠岸了,0,68,1537787818
455,1612485037749256,支持，中国伟大复兴己成定局,0,379,1537785566
456,1612485253895300,支持党中央的一切决策！！！,0,58,1537785772
457,1612485325883421,中国找美国一个软肋反制裁……,0,51,1537785840
458,1612486009954328,美国人总是错误估计中华民族的韧性，5000年不是那么容易过的，刚混了200多年的还无法理解～,0,83,1537786501
459,1612485185375235,支持党中央和国家应对贸易战的措施。,0,418,1537785706
460,1612486279463940,中国的反击太理性了，一定和美国斗到底。,0,85,1537786750
461,1612487021984772,美国人如果真的认为给几千亿美元的中国出口商品加税就能让中国低头，太不了解中国，太缺乏头脑了！,0,88,1537787458
462,1612485289967630,贸易战是中国崛起必须要过的一道坎，我们只要众志成城，万众一心，没有过不去的火焰山。,0,101,1537785806
463,1612485746887688,美国要为所有的失信行为付出代价,0,118,1537786242
464,1612547775862787,热爱祖国,0,4,1537845397
465,1612489684642824,这就是中国人的骨气“谈，敞开大门，打，和你美国人奉陪到底”看你还有什么本事多拿出来玩玩吧！中国没有你美国生意更兴隆。,0,194,1537789997
466,1612487543231518,天下大势在中国 团结一致 终将胜利,0,146,1537787955
467,1612485139734536,支持国家对美反击，支持进一步反击！,0,87,1537785663
468,1612485407589389,美国就是个流氓,0,58,1537785918
469,1612485233588228,美帝就是纸老虎，坚决拥护党的决策！打断美国人的梦想。,0,65,1537785752
470,1612485371478030,先摔1000亿美元国债，让特朗普开心下,0,92,1537785884
471,1612539854944264,全国人民联合起来，共同一条心，共同反击美国恶霸逻辑，共同反击世界最大恐怖组织美帝国主义。美国是全世界的最大黑社会组织。欺权霸市，杀人放火掠夺它国财富占为己有，插手它国内政，无恶不作，会受到应有的惩罚的！,0,0,1537837843
472,1612485388247047,坚决支持。这个世界上，中国已经站起来。中华民族讲理，不怕霸权。敢给中华民族龇牙的，一定把龇出的狗牙拔掉。想跟我中华家交朋友的，我们双手欢迎。,0,136,1537785900
473,1612485243638792,全国人民团结一心，誓和特朗谱无赖战斗,0,75,1537785762
474,1612486024928259,美帝明显乘人你病要你命！挺下去，关乎国运，不能败,0,51,1537786507
475,1612485253734404,打他，不管他什么队形，都要打他。,0,62,1537785772
476,1612485131083790,团结就是力量！奋力抗争！,0,75,1537785655
477,1612485439215630,好！坚决支持！,0,65,1537785949
478,1612495472267272,川普就是一混蛋，流氓，地痞,0,58,1537795517
479,1612485156066318,以后只买国货，实在不行就不买美国货,0,81,1537785678
480,1612542406473773,不过，虽然贸易战打得很激烈，但是半年了我确确实实没有感受到有什么变化？,0,7,1537840277
481,1612485338888205,全国人民团结一心，誓和特朗谱一伙无赖战斗到底!中国必胜!💪💪💪💪💪💪💪,0,78,1537785853
482,1612541958784014,用苹果手机同志们，你们爱国吗？没有枪没有炮，敌人给我们造！敌人生产的产品要免费了才能用的！,0,2,1537839850
483,1612541375253512,办好自己事看它能扛多久,0,2,1537839293
484,1612555532842052,1000年前老祖宗的智慧告诉我们治国平天下的真理，尔等米国只不过是姹紫嫣红;俯首称臣只是时间问题…加油大中国。,0,3,1537852795
485,1612539612259341,我就觉得2000亿对600亿相差太远了，中国怎解就要对流氓国作出如此更大的让步，我们就不可以提到2100的吗？,0,2,1537837612
486,1612485212703757,和美国谈就是对牛弹琴,0,127,1537785732
487,1612541780871171,"中华民族到了奋起的时候……
冒着敌人的炮火前进、前进、永远前进！",0,4,1537839680
488,1612543448764420,以柔克刚，中国必胜！！,0,2,1537841271
489,1612547134937091,中国是世界第二大经济体，有任何国家都不想失去、也无可替代的庞大市场，完整的产业链条，便利的基础设施和营商环境，这是我们应对贸易战的最大底气。更重要的是：新中国有由14亿人民凝聚起来的强大无比的巨大合力！美国佬只管放马过来吧，你们用枪炮和各种CIA阴谋得不到的东西，经济施压也别想得到。,0,6,1537844786
490,1612540380345518,美国经济根本就是无根的之树，,0,1,1537838344
491,1612540174661645,我爱我的祖国，我为我的祖国自豪！骄傲！,0,4,1537838148
492,1612485361396740,美国就是一个无赖，流氓。,0,172,1537785874
493,1612543725413447,这是中国屹立于世界的一个重要转折点！后面肯定还有很长的路要走，坚决拥护国家决策！,0,2,1537841534
494,1612539009891336,对美帝纸老虎而言，仅剩了一条路可走，就是冒险动武，那样的话，将加快其″!..，一定会将美打爬下，永个翻身,0,1,1537837037
495,1612545602379783,中国有这么大发展能力有这么大的市场，怕他干啥！要有毛主席的战略思想！你不仁我不义！,0,2,1537843325
496,1612542178765832,适当的时代打了一场适合的仗 适合的时候讲了一些适当的话 刚刚好而已 时势造英雄,0,1,1537840060
497,1612539571315767,美帝不可手软！要加重击！打得他国无尊荣！打得他在世界显白骨！打得他在世界上再无立足之地！中国强！中国能战胜一切来犯之敌！,0,5,1537837588
498,1612546663435267,美国乱踢惯了，这次给它个铁板，让它使劲踢！,0,1,1537844336
499,1612546484354052,应号召全世界去美元化，解脱美元对钅世界的邦架,0,1,1537844166
