﻿,id,comment_text,reply_count,digg_count,creat_time
0,1610932536560654,一定要严加管理一网络平台。,1,197,1536304985
1,1610935488570372,不要对特朗普有任何幻想,0,49,1536307800
2,1610935054427143,怕美国不成，我们有十三亿人，,0,25,1536307386
3,1610935218353165,美国的舆论战的一部分，请高度警惕！,0,36,1536307543
4,1610934885355528,严查，严打，,0,31,1536307225
5,1610935463168067,这家网站到头了[打脸],0,28,1536307776
6,1610935884239885,坚决打击造谣者！！！,0,29,1536308178
7,1610935651280899,不信谣不传谣,0,17,1536307956
8,1610935788784647,不管对手怎么着，我们的定力不是一般人可以了解的。风来雨挡,0,8,1536308087
9,1610936033734670,要追究造假责任,0,24,1536308320
10,1610934336696324,居心叵测！,0,26,1536306702
11,1610934552837128,对造谣者应施以腐刑,0,18,1536306908
12,1610936373421150,散布虚假信息的网站和个人应该记入黑名单,0,18,1536308644
13,1610934839398408,支持这样的澄清[赞][加油],0,16,1536307181
14,1610936019878915,看正规渠道的信息,0,9,1536308307
15,1610935714897923,学英语干吗？,0,5,1536308016
16,1610934530788365,希望能很快見到处理结果。,0,14,1536306887
17,1610936925836291,做好最坏的打算,0,4,1536309171
18,1610934347260936,谣言止于智者！,0,7,1536306712
19,1610932599531524,间谍,0,16,1536305045
20,1610936238658568,要追责啊,0,5,1536308516
21,1610932407176199,抓起来,0,3,1536304862
22,1610936694001668,国家应该对这类行为以坚决打击,0,4,1536308950
23,1610934557089815,发现造谣者 即应抓它 让其付出代价 才行,0,11,1536306912
24,1610932816433166,造谣者扰乱社会一定要追查处罚,0,18,1536305252
25,1610935872696327,躲不过去就积极应对,0,2,1536308167
26,1610935366115342,谣言是从美帝传来的,0,5,1536307684
27,1610937969570903,天要下雨 娘要嫁人 随他去吧……,0,0,1536310166
28,1610941512170500,谣言止于智者！对刊载媒体就不能以智者的标准来要求么？,0,1,1536313545
29,1610960935925806,川普没开口之前一切皆有可能！,0,0,1536332069
30,1610943278251016,与其等待不如击击，对美三什亿美元增收关税,0,1,1536315229
31,1610956085495827,百度网、环球时报网胜过其它网站，及时准确不说谎赞赞赞！！,0,1,1536327443
32,1610943855574023,只看只相信权威媒体发布的消息，小道消息和自媒体消息从来没有相信过,0,1,1536315780
33,1610942485555214,一个假消息，让多少股名kq,0,1,1536314473
34,1610941608702989,[赞]支持耿直哥！,0,0,1536313637
35,1610938527718413,再加个0也可以，咱照样反制！,0,1,1536310699
36,1610949130667021,都是第五纵队干的,0,1,1536320810
37,1610943733513224,这条新闻是真的吗,0,1,1536315663
38,1610937435190291,马上给我联系一下叙利亚总统，他要什么都可以卖给他,0,0,1536309657
39,1610942302288039,恭请于大侠，除恶抉正。,0,0,1536314298
40,1610944257841165,上海网站的消息虽然发的太过早了！不比天气预报灾后才发好呀！人家要是好心❤提醒我们中国人民提前积极做好好、做完善预防、防备工作，对我们中国人民就是有很大用！就有功于国家了！就不该群起攻击人家了！！！总比知道了消息都相互不敢说能把危害降到更小吧！多多好好想想我们中国千百年来怕这怕那坏消息不敢说，光想老天开恩让外国人对我们中国人放下屠刀立地成佛！！！做到了吗？！结果求老天让外国人对我们中国放下屠刀立地成佛却成了对我们中国越来越多的屠杀！清醒清醒吧！！！靠天无用！靠让外国人仁慈也没有用！最有用的是我们中国人自己能强大！强大的任何外国人都不敢欺负我们中国人呀！！！…………还是把时间和精力都全部放在让我们中国更强大上才能真正强国！、富民！让十四亿中国人民都过上幸福快乐生活呀！！！我们中国不要总是热心❤于“家里斗”了！只有我们中国人五十六个民族全部搞好团结，我们中国才能更人人为别人着想！更团结友爱互助！！！才能更快快！、更好地发展、兴旺、强大我们的祖国呀！！！…………,0,0,1536316163
41,1610955330805853,谣言的背后，隐藏着阴谋。,0,27,1536326723
42,1610932386253837,在国内传播关税假消息的应给予坚决的打击，严重干扰了资本市场的稳定!,3,458,1536304842
43,1610948468314247,严厉打击各类造谣者 媒体 平台！,4,77,1536320179
44,1610932458391635,难道对造谣者及平台，没有惩罚措施吗？,0,266,1536304911
45,1610932778330120,不管是否谣言，美帝的遏制不会停息。只要我们不跟它一起疯狂，冷静的跟它斗，才是中国聪明之举。,1,92,1536305216
46,1610935461672964,对媒体报道假消息的应该绳之以法。造谣必须绳之以法。,1,33,1536307775
47,1610932357244996,谣言是有目的的，在现在互联网这么发达的时候为什么不让谣言负出代价？,1,66,1536304814
48,1610935568917512,发布假消息的媒体应关闭,0,48,1536307877
49,1610933966104590,支持对随意发布谣言网站绳之以法，予以取缔。,0,50,1536306348
50,1610934925456392,必须严惩，让造遥者付出应有的代价。,0,59,1536307263
51,1610934929626119,封了这家网站，严历查处发布不实消息的动机，如果造遥生事，对网站及发布责任人立即抓捕决不辜希。,0,56,1536307267
52,1610932556887048,有不良网站在做空，动机险恶，居心叵测，应该处理。,0,52,1536305005
53,1610945451074564,要让制造谣言者付出代价[祈祷][祈祷],0,9,1536317301
54,1610931370169358,打倒美帝，支持国货！,1,119,1536303873
55,1610934572851268,对这些谣言及传谣要严查并付出高额代价[发怒][发怒][发怒],0,45,1536306927
56,1610932685790216,造谣者安的什么心？,0,155,1536305127
57,1610938981969998,搞不懂!散播这种假信息!能捞到啥好处呢!无聊致极!,0,6,1536311132
58,1610934936532996,查实属假新闻、应对该纲站予以惩处！,0,46,1536307274
59,1610934843427870,打击造谣传瑶者！,0,43,1536307185
60,1610934961942535,把谣言制造者按刑事责任起诉,0,49,1536307298
61,1610940082912270,谣言对中国的资本市场影响的很大的，应严惩不贷！,0,5,1536312182
62,1610956665559043,贸易战有胜有负，这是相互规律。但危及我们的和平生活那不行！我们的目的就是和平健康的生活，伊拉克、叙利亚等国家的战乱，就是西方倡导的民主的话，裘！为了自己国家的独立自由平安的生活不惜一战！,0,1,1536327996
63,1610937294692359,"坚决严惩网上造谣者!
发布虚假信息扰乱社会秩序，点击次数超过5000次以上应追究刑事责任，这是法律规定啊。",0,3,1536309523
64,1610937519366157,不强力惩处，则国无宁日!,0,3,1536309737
65,1610941692396615,2016川普和希拉里的辩论我看的是直播，川普从头到尾都在说中国，他上台我就知道他要发动贸易战了，人家兑现了承诺,0,0,1536313717
66,1610938959660035,对造谣要严惩，才能保证新闻的真实，才不会扰乱社会！,0,2,1536311111
67,1611002680627204,传播虚假消息应严惩,0,6,1536371880
68,1610938401837064,官网为什么不出来辟谣,0,5,1536310579
69,1610937462622222,强烈呼吁对散发假消息扰乱社会秩序(包括资本市场秩序)的网站责任者予以刑事惩处!,0,2,1536309683
70,1611036326516788,妖言惑众，严惩不贷！,0,5,1536403976
71,1610937102061576,坚决打击谣言制造者！,0,3,1536309339
72,1610945222905864,汉奸唯恐天下不乱，赤膊叫阵了，须严惩.，，，，,0,3,1536317084
73,1610937908972548,若是假的，关闭始作俑者一切通道,0,2,1536310109
74,1610962753098755,问题是如何加大对造谣者的惩处力度！,0,4,1536333802
75,1610939866981384,真的假的又如何？！你挑来拨去不是炒作？！,0,2,1536311976
76,1610942323999748,严惩谣言平台！彻查！,0,1,1536314319
77,1610941160693764,我对这样的谣言是试金石,0,0,1536313210
78,1610937667894275,追究造谣者的责任！,0,2,1536309879
79,1610943790681101,耿直哥是何方妖怪。,0,0,1536315718
