﻿,id,comment_text,reply_count,digg_count,creat_time
0,6808815215724314628,管他什么法案呢。最终还是要靠拳头 不是靠什么法案能改变或者不改变什么。,0,155,1585300832
1,6808820239649406991,中美合作是历史的选择，美国这是背道而驰！不利于双方的共同利益！,0,38,1585302001
2,6808846916106059776,美国是世界经济发展中的大国。中国是第三世界发展中国家，中美建交几十年，有中国人民和美国人民共同团结协作的结果，美国现任政府应该坚守中美“三个联合公报”，为世界和平努力做贡献，为人类谋福祉是目的。,0,7,1585308211
3,1662319955020814,什么招也不能接，先让它把自己酿的毒自己吞下再说,0,27,1585311846
4,6808859870725767182,越是躁动越有戏看，机会在一步步靠近,0,18,1585311227
5,6808792187158134792,特朗普一边主动打电话向中国示好，寻求合作，一边又出台所谓“台北法案“，粗暴干涉中国内政。不得不让人怀疑合作的诚意，是否只是权宜之计？,3,2137,1585295468
6,6808793346669199364,看透就行，不然有些人心存侥幸，这样才能更清醒更冷静,0,1694,1585295740
7,6808789087278186507,"祖国必将统一，也必然统一，祖国统一大业不可阻挡！
“台湾牌”注定废牌一枚！",0,832,1585294749
8,6808822072832589837,三个联合公报已被美放弃，丢掉幻想，准备斗争。,0,331,1585302426
9,6808795369955852303,美国人没有一点诚信可言，我们绝不能抱有幻想，祖国强大才是硬道理！中国必胜，中国加油！,0,819,1585296211
10,6808813482746789900,台湾类似一张王牌，只有彻底摧毁它，老美就无从下手开牌,0,227,1585300428
11,6808810980543021064,放弃幻想，开始战斗，应该是正确的选择。,0,217,1585299844
12,6808804459532713984,我们要掌握主动权，加大台海巡航力度。,0,175,1585298327
13,6808813548874104840,放弃幻想，准备战斗。,0,164,1585300442
14,6808835939369713672,我们只要做到穷台，困台，统一水到渠成！不管美国怎么蹦哒，没用...惠台等于送子弹来打我们....我们自发抵制台湾产品,0,72,1585305655
15,6808813913044877323,中国和美国现在不是竞争对手而是战略对手，美国是中国最大的危机，中美之间的斗争是你死我活的斗争，我们要发扬抗美援朝的精神，时刻准备打仗。,0,139,1585300528
16,6808836753110564867,核弹使用的原则，应该加一个了，在祖国面临分裂，受到外界干预时，可以不受不先使用核武器的限制，自缚双手，自废武功这种情况下要不得！,1,53,1585305846
17,6808810353632559117,对等推出夏威夷法案，以后再推出关岛法案、阿拉斯加法案、加利福利亚法案。,0,86,1585299698
18,6808821277424779264,正告，与我国是否有建交约定 。不按规矩来，撤回领事，驱逐使馆人员。对流氓国家不必客气！出正义之师收复台湾。,0,78,1585302242
19,6808802217286434831,我们什么时候会主动应变、就像打排球，郎平痛快赢美国🇺🇸，就是变化多端、眼光独到！,0,64,1585297804
20,6808848915766050824,三个联合公报已被美放弃，丢掉幻想，准备斗争。,0,71,1585308676
21,6808817412155867144,"祖国必将统一，也必然统一，祖国统一大业不可阻挡！
“台湾牌”注定废牌一枚！",0,32,1585301341
22,6808788597677506573,战略定力。,0,113,1585294633
23,6808824125462134795,通过一万个法案也改变不了中国越来越强大的事实；也缓解不了美国精英的焦虑情绪；也改变不了台湾是中国一部分的法理；也凸显了美国白宫的黔驴技穷之穷途末路！,0,50,1585302907
24,6808809344328204296,建议将中美两国大使级外交关系降为代办级外交关系。,0,51,1585299463
25,6808817475372285959,从即可起，军舰，军机不断进入台湾水域和空域制造紧张局势，累死台湾和美国。,0,51,1585301356
26,6808821679997960203,立即停止救援物资供应美国，向美国提供新冠救援物资要讲先决条件才能供应。,0,48,1585302336
27,6808816923728936973,找点反制措施，比如支持加利福尼亚州独立法案。,0,45,1585301228
28,6808819507957268480,不要对没有诚信的国家抱希望，做好我们国家的事，走好我们国家发展之路，坚决维护好国家主权和领土完整，十四亿人民团结一心，没有达不成的目标。[加油][加油][加油],0,22,1585301830
29,6808809712026124295,做事必须有底线，他敢签咱就和他彻底断交。,0,37,1585299549
30,6808802950765625347,兔子尾巴长不了,0,16,1585297976
31,6808805721187532807,目前正是收拾美台的绝佳时期，应该给它两点过颜色看！,0,31,1585298619
32,6808836456669855755,正告，与我国是否有建交约定 。不按规矩来，撤回领事，驱逐使馆人员。对流氓国家不必客气！出正义之师收复台湾。,0,24,1585305777
33,6808792135173734400,我们真正的战役还在后面。前期打赢了。下一步作好准备战争。这911以来美国吃的最大的一次亏了这回。美国的惯例必须要发动一次战争的付出经济,0,24,1585295457
34,6808825752630034446,要有具体反制措施，把美、台打疼！它们每做一次恶，都要让其付出代价。否则…你懂的。,0,22,1585303283
35,6808805036576636932,"祖国必将统一，也必然统一，祖国统一大业不可阻挡！
“台湾牌”注定废牌一枚！",0,24,1585298462
36,6808819898652229636,和流氓国家没什么好谈的，以斗争争和平，和平存,0,20,1585301922
37,6808844803355426816,夏威夷法案、波多黎各法案、阿拉斯加法案、加州独立法案可以抓紧出台,0,20,1585307719
38,6808807083014635532,要有与之战斗到底决心，绝不能动摇，与狼不能共舞。,0,18,1585298938
39,6808833988900880399,中国应该对美进行严厉制裁，禁止相关战略物资输美;卖空美债，做空美元，以回击美政府对中国相关企业的打压;减少与美在经济技术方面的合作，避免美国拿中国的钱来打压中国。对湾湾实行全面的经验封锁，看小菜们能跳多高,0,18,1585305202
40,6808835225741869067,第一决不能卖给美国任何医疗物资，更不能捐助，因为中美即将要有一场战争。第二，着手全民战争准备，放弃幻想准备战斗。,0,17,1585305490
41,6808819496682897422,无碍乎想激怒中国，好转移国内矛盾，面对病毒美国根本没办法抵抗，用不了多长时间他就崩溃了，我们只要保持一定的战略定力，冷静对待，坐等美国衰退。,0,15,1585301827
42,6808833174429663232,任何期待中美和平共处，我们可以和平崛起的观点都可以当做一种可耻的无知吧。,0,17,1585305012
43,6808854710561357839,高筑墙，广积粮，缓称王,0,16,1585310026
44,6808851121806245888,我们需要制订《印第安人保护法案》,0,14,1585309190
45,6808849801556262927,所以在美国不管面临多大宛难我国千万不要给予任何技持和缓助！,0,15,1585308883
46,6808842234117701644,美国人的嘴脸。我们时刻刻准备着！不能大意！,0,15,1585307122
47,6808826834244452355,现在中国强大了，主权问题以我为主，你签你的，我打我的，战略上重视它，战术上轻视它。,0,12,1585303537
48,6808812164561289216,美国人没有一点诚信可言，我们绝不能抱有幻想，祖国强大才是硬道理！中国必胜，中国加油！,0,13,1585300121
49,6808804440708153358,牢牢把握主动权。,0,13,1585298321
50,6808841829417877519,放下幻想，加紧准备吧！看着祖国宝岛离我们越来越远，一步步滑向太平洋，真的是太痛心太着急了！,0,24,1585307027
51,6808798893317750792,看他手里的牌还有什么，一对三引他王炸！,0,10,1585297030
52,6808831117614366720,保持压制，绝不出手。静待老美衰亡,0,10,1585304533
53,6808926110772920328,美国就是拿台湾省当牌打，从而换取更多中美之间“利益”，可惜的是民进党还傻呵呵地被利用！,0,3,1585326650
54,6808819198371414016,全球华人社会最后一块自有名主之地！全世界华人的骄傲！我们应该像爱护濒危动物一样珍惜！！！,0,9,1585301758
55,6808812616643887115,合则两利，斗则俱伤，互惠互利，中国加油[玫瑰][玫瑰][玫瑰][玫瑰][玫瑰][玫瑰][玫瑰][玫瑰][玫瑰][玫瑰][玫瑰][玫瑰][玫瑰][玫瑰][玫瑰][玫瑰][玫瑰][玫瑰][玫瑰][玫瑰][玫瑰][玫瑰][玫瑰][玫瑰][玫瑰][玫瑰][玫瑰][玫瑰],0,9,1585300226
56,6808837281286881294,千万不能姑息养奸，就要站在道义的高度批判美国。在他悬崖勒马前不要理睬他。,0,7,1585305967
57,6808828295061831695,对老美只有一种方法，经济军事政治上全面碾压，必要时军事冲突取胜，才能彻底让他闭嘴。,0,7,1585303876
58,6808824911843311619,只能是刀对刀来枪对枪。,0,5,1585303088
59,6810520593931223053,美国这样的战略步骤不是一时性起，而是遏制中华文明崛起的一步棋而已。2019年美国成立了“应对中国当前危险委员会（committee on the present danger: China）”，才是真正的危险行为。国人确实需要高度警惕，特别是特朗普3.26日通过《台湾友邦国际强化及保护倡议法案》(TAIPEI Act)，将会引发一系列台海危机。,0,2,1585697894
60,6808844255374065668,现在要极度警惕了!睁大眼睛，时刻准备着。美帝开始挑起战争了,0,19,1585307593
61,6808849963137892367,按自己的节奏走，随着中美搏弈今后这样的事有很多，不应—个个回应让别人牵着鼻子走。,1,8,1585308920
62,6808847589954961415,建议从今天开始出口海外的口罩和呼吸机，全部采用区块链技术可以做到全流程追踪，并且对于违背合同中规定的诸如最终用户等信息的情况可以实现自动销毁功能，该部分功能产生的额外费用，仅以合理的市场价格摊入医疗防护用品售价中，以此保证我友好国家的朋友们可以安全放心地使用我国生产的产品，更加有利于人类命运共同体对抗新冠疫情；同时也推动国内芯片和存储类高科技企业的有力发展，尽早实现中国工业2025的宏伟蓝图。,0,0,1585308367
63,6808835585932345352,拿起电话，谈合作，要援助；放下电话，签法案，搞对抗。这就是中美关系现状！,0,27,1585305573
64,6808842824285634572,台海一战不可避免，欧美也在加紧谋划着,0,38,1585307259
65,6808831093857615885,它吃肉还想端锅,0,0,1585304526
66,6808789963972034560,中国的不友好人士名单、不良企业名单、减持美资产方案等等治美措施为何不推出来,0,229,1585294952
67,6808820036451909632,永远都不要相信美国能变好，时刻警惕,0,16,1585301953
68,6808798351740469261,世界上最不可信的就是特郎普.情愿相信世间有鬼！,0,19,1585296903
69,6808839302819758080,美国通过涉台法案，中国也与伊朗结为战略合作伙伴！,0,12,1585306439
70,6808847130854703104,此时不打等待何时，在过两年就把他拉联合国了,0,2,1585308261
71,6808926944299024388,这是逼迫我们解放台湾了。,0,8,1585326848
72,6808832618373660672,记住，只有自己的拳头硬别人才会遵守规定！,0,9,1585304882
73,6808851940240375823,不忘初心，准备战斗！！,0,4,1585309381
74,6808845376045858829,不用管他，夯实实力，一切实力说话,0,2,1585307852
75,6808859572057882624,中国应作出点回应：把大小金门直接纳入福建省。,0,9,1585311158
76,6808845814077947917,毒蛇头和身子分离了也不忘攻击人！美国就是这样的毒蛇。。。,0,7,1585307954
77,1662308041986061,从来就没想过与你合作。,0,6,1585300485
78,6808840627191644167,利剑随时准备出鞘，大不了就火拼一下，看看谁怕谁,0,11,1585306746
79,6808836760698093582,我们也签署一个法案支持美联邦各州独立加入联合国及各种国际组织。并进行鼓励！,0,7,1585305846
