﻿,id,comment_text,reply_count,digg_count,creat_time
0,1596179771143172,兰陵笑笑发绿林,1,24,1522235652
1,1596174285153347,抵制美、日、韩、澳这些龟孙子们的所有进口。坚决反对进口的粮豆食物耒残害我国青少年儿童一代。,6,340,1522230420
2,1596180010446851,战狼2的电影广告真是白打了,2,90,1522235880
3,1596349198965773,美国要中国的东西使劲加价，一吨钢材加3万美金，其它加价百分之七百，,2,32,1522397231
4,1596347246412813,怎么了我们就人多，难道美国想跟我们玩车轮战吗？,1,9,1522395369
5,1596182638549016,面对美国佬慢慢来。,5,60,1522238387
6,1596196952735752,不要有人家比你亏就可以打贸易的想法!,0,7,1522252038
7,1596178928074759,该打就打！！！,0,56,1522234848
8,1596181404198916,看不懂,1,32,1522237210
9,1596235417406471,要打就往死里打，要就干脆投降算了,2,91,1522288721
10,1596177735402510,自古狗是怕人的，人强它退，人退它攻，别给美狗有机可乘,5,306,1522233711
11,1596215710710788,打了没好处,5,12,1522269927
12,1596281902640135,不能向美帝低头，必须打。,3,23,1522333052
13,1596178118380612,最好别打。 对两国人民都没有好处。,1,26,1522234076
14,1596454396999774,当然对干，两者伤，我们深知，但我回手反击，就是叫他知道痛，从而不敢在抬手，就是，一暴制暴，所以支持打，适当的回击,0,43,1522497556
15,1596220558177284,一切美帝国主义都是纸老虎。[灵光一闪],0,51,1522274550
16,1596425113373700,打就打，有失有得，企业就要在变革中成长优胜劣汰。,2,17,1522469629
17,1596550957432855,是时候让明星和戏子们捐款出力的时候了！,3,43,1522589643
18,1596220060104712,一定要坚持毛思想，必能战胜一切视我为敌的对手。,0,102,1522274075
19,1596250741713927,没心情看头条了看着心里烦,3,11,1522303335
20,1596176080480269,中国人拿出些钱来陪这个疯狗玩到底。看一看谁怕谁？,14,152,1522232132
21,1596168256367619,以后说美元就行了。不用说美金。,0,43,1522224671
22,1596347193329668,美国要跟你明着来的时候我们不要往刀口上面撞，我们就站在远处迎接！,2,5,1522395318
23,1596196362210307,特朗普先是钢铁铝制品加税，到豁免部分国家，拉拢这些国家一起制裁中国！这招目的性太强！欧美已经不是十年前的欧美了！不是原先那样牢不可破了！效果不一定好！生意人就是生意人心太急！,1,25,1522251475
24,1596187704650766,专家的理念“愿做太平狗，不做乱世民”所以我称专家为《狗专家》,12,503,1522243218
25,1596215333810180,我认为两车相撞，狠的占便宜，不打为好，要打就狠点，国内什么专家，学者的水平只不过初中文化，他们是软蛋，吃里爬外的东西，,5,216,1522269567
26,1596155537063940,用智慧去战胜妖魔不仿是一条揮境。,2,14,1522212541
27,1596428963314696,朱民的文章写的太中庸啦！对于美国佬不要怕！特朗普既然把大棒举起来，他就是要把中国打下去並踩到脚底下！对于美国佬不要抱任何幻想！毛泽东说过：人不犯我，我不犯人！人若犯我，我必犯人！抗日战争！解放战争！抗美援朝！……中今中外，不论是政治的，经济的，军事的…用软弱，妥协，求和换来对方的怪悯，那都是一厢情愿。我们需要的是中华民族团结一心，众志成城，将美国佬挑起的贸易战打赢！,3,70,1522473300
28,1596199124149261,这个砖夹有问题，首先30对600的问题没说清楚，这个30亿是针对美国之前提高的钢铝关税，刚好是对等的，600是刚签的备忘录，还没有具体的条款出来，我们等着呢。其次，现在形势已经完全不同了，中国完全有实力应对贸易战，而美国是承受不起的，川普误判形势，企图用贸易战要挟我们，他将会骑虎难下,4,52,1522254109
29,1596199018177539,这些砖家 误了国事，难道俄罗斯与西方对抗不知道损失吗？,1,159,1522254008
30,1596182754093127,不如直接说我怕，我怕给美国人民带去灾难！,4,145,1522238497
31,1596406179679235,前几天贸易战开打时，联通公司发来以下短信，中华人民共和国公民、一切国家机关和武装力量、各政党和各人民团体、企业事业组织和其他社会组织，都有维护国家安全的责任和义务。一一省国安办宣,1,14,1522451572
32,1596369341995022,特普朗的贸易战金额高但是水份大，同时也损失的多，我国30亿真的是30亿啊，并且是在尽可能把贸易战对本国损失影响做到最小化，这是很理智的，也是负责任的，如果跟美国比谁的金额多，恐怕未来的你可能就会失业，国家不会跟着美国打这种没有意义的架，意思一下就可以了,3,24,1522416441
33,1596184537686020,不关我事，外国的东西重来没买过，国内贵的也买不起，所以和我没半毛钱关系,12,222,1522240198
34,1596429817781255,专家的名字叫对了，猪鸣！,2,53,1522474115
35,1596312182006787,美国人没有顾虑，中国人顾虑什么。,3,43,1522361929
36,1596237884964877,想知道打起来对国内平民有什么影响,10,18,1522291074
37,1596262686653463,这些新闻真的一点也不想看，看的心里难受,1,61,1522314727
38,1596190522165255,苹果禁售，足够打了。。。。,8,128,1522245905
39,1596225830721544,又是砖夹。书生，书生误国,3,69,1522279578
40,1596161010182158,中国人手里没一个苹果手机就赢了,3,160,1522217760
41,1596234924730382,怕什么，大不了两败具伤，可不硬气，还不是受伤，硬气点吧我的祖国母亲,2,86,1522288251
42,1596323332047943,我舰奉命撞击你舰，美国舰艇再也不敢进入俄领海，俄罗斯这一举动错了吗？,1,54,1522372563
43,1596191953430532,三十对六佰，练太极呢？,4,53,1522247270
44,1596444179103747,打不打谁说了也不算，打早晚要来，不但贸易战，军事对抗也要来，光说不打为好，不打为好，专家论段太有点被动没底气，老美要打、谁也控制不住，中国做足准备，准备接招就是了，最后两败具伤，怕什么来什么，，！,1,13,1522487811
45,1596433954319374,洋货我重来不买， 我也买不起，爱打不打我也不生气，但我有志气。,0,29,1522478060
46,1596192615502852,大家都不要怕，相信偉大的祖國一定能找到一個十分有體面的理由，冠冕堂皇的和人家商議，不要打了。該死的美國佬一定會厚顏無恥的不擇手段的給你安排好一個個不傷臉面的台階，讓我們下來的。,3,57,1522247902
47,1596446113542158,这个朱院长观点太主观，幻想太多自我感觉良好。狼是吃肉的！,1,17,1522489656
48,1596368761374727,我家，现在大豆1.75元一市斤，还有五万斤，卖不卖,7,17,1522415887
49,1596434123540494,十三亿人禁止买苹果手机先！,3,12,1522478222
50,1596290465222669,悲哀的不是结论，而是论证的方式。明眼人一看就只会一笑而过,2,67,1522341218
51,1596437983043597,贸易战打与不打，不是你我说了算，对手选择了打，那么我们指能叫回应，没有办法这跟你愿意不愿没有关系，外交部明确说明了，打起我们会挑伤对方痛的出招，3O亿只是回应钢铝，6OO亿但落地,2,18,1522481902
52,1596313010042893,既然已经开始，就不用怕，怕的话只会埋下更多的后顾。别再一味的买什么苹果手机了，美国都欺负到你家了。我作为一名中国公民支持祖国母亲，支持国货。,2,99,1522362719
53,1596192416920648,又是砖夹。书生，书生误国,0,184,1522247712
54,1596414171677700,专家还说尽量与美不打贸易战是费话，现在是研究与美怎么打贸易战，我们怎么少受损失。,1,19,1522459194
55,1596312261540941,不把特朗普打老实了，就不会做到谈判桌上谈问题,4,157,1522362005
56,1596197903572995,中国人手里没一个苹果手机就赢了,4,78,1522252945
57,1596359006317576,贸易战对我们打工者，有哪些影响。,1,6,1522406584
58,1596234468454407,我只关心谁赢了`住房会降价。,4,28,1522287816
59,1596454622259219,背后是石油人民币化的问题，势在必行，不打不行，最终得有个胜负！中美都不会妥协！,5,11,1522497771
60,1596152176609287,受重伤的是美国，中国的发展势不可挡。,7,46,1522209336
61,1596443974687747,学学战斗民族，打！打！打！和战斗民族联和干掉老美,1,18,1522487616
62,1596199581579278,进口转基因大豆。哎，反正我是不吃,7,56,1522254545
63,1596426246720743,我们宁可点煤油灯，也可不用美国人发明的电灯，难道点油灯中国人就活不下去了？！真是笑话,2,5,1522470710
64,1596192187366414,只有我看到了商机吗？去种豆子吧,1,19,1522247493
65,1596161234662414,不要打为好,5,14,1522217974
66,1596177507797000,打的一拳开免得百拳来。,2,120,1522233494
67,1596379741573166,不畏战，且敢战，有理有利有节，步步为营，灵活周旋，是战是和，相机而动。,3,72,1522426359
68,1596421387304963,坚决打下去，打跨了老美我们付出点代价值！,1,16,1522466075
69,1596172568535054,以后不让美国参与空间站，,1,21,1522228783
70,1596180440612893,打起来吧！我也准备好了,2,63,1522236291
71,1596165027282948,打倒美帝国主义！,3,27,1522221591
72,1596286921022483,悲叹，柯梦一场。明明受人宰割还说的有理有据，那就…曲线救国吧，，。!,0,38,1522337838
73,1596190952570947,美国专盯中国的高科技？全世界各类能源储备最丰富的就是那边，更好而作用效果好的科技产品技术学习还要分析我们，美国那个犯了蠢想干嘛，显而易见。,1,12,1522246316
74,1596415970744334,我知道！咱们是想扮猪吃老虎呢！,1,15,1522460910
75,1596283326460932,一说专家我就知道内容是啥！,0,80,1522334410
76,1596150869081092,我们不搞事但也不怕事！！,3,61,1522208089
77,1596380110946317,真理永远在大炮的射程之内，中国你何时才能正真的强大起来？,0,45,1522426711
78,1596310059163656,我看打的可能不太大，原来说开征关税30天后，现在改变成60天后，缓冲期拉的长了，这就证明美国人开始谨慎处理此事对他们的影响，所以他们还在继续观望和计算个人得失，他们用时间换取过去冲动的决定,0,8,1522359904
79,1596193375719491,四两拨千斤！,1,6,1522248627
80,1596152442981400,世界和平 和谐最好，沟通重要！,2,15,1522209590
81,1596235105322061,加大发展，力争强国，让全世界看到中国瑟瑟发抖才是硬道理,1,21,1522288423
82,1596150999480328,“贸易战”的结果谨慎的乐观。,2,7,1522208213
83,1596232562006020,打与不打这是个问题,1,8,1522285997
84,1596563522461767,虽然我不懂经济，我也是总感觉到受到了欺辱。真心希望祖国母亲强硬的立场对它.!,0,54,1522601626
85,1596684738054157,中国的发展不可阻止，美国的阳谋不会得逞。,0,4,1522717226
86,1596491256237070,我的大中国，给我好好厉害一把！,0,11,1522532707
87,1596680753062920,战争贩子不会别的模式，各种打，别上当,0,5,1522713426
88,1596190862783501,坚决拒绝洋垃圾。,0,50,1522246230
89,1596420248743939,为什么要给美帝面子，一次打痛他，以后都不敢了[大笑][大笑][大笑][大笑],0,19,1522464990
90,1596449845441550,美国联合全世界来反制，短期看不出问题的，因为国人好多出口的好东西都没用过，这次有机会内销了，而不是三等货内销。,0,2,1522493215
91,1596425972140035,中国必须跨过美国这道坎！只有跨过了，才算真正实现了伟大的民族复兴。,0,62,1522470448
92,1596448581176328,继续理智吧，厉害了我的国！,0,2,1522492009
93,1596650134473732,中国就这样了，40多年了就没有直起腰来过,0,2,1522684226
94,1596611969568771,都战争了，还心软，还表演厚德载物，狼和猪有啥区别吗,0,2,1522647829
95,1596590702764036,怀念毛泽东主席！！！,0,1,1522627547
96,1596195961307140,中國人就應該針鋒相對！,0,12,1522251092
97,1596504541859848,中国要有毛泽东时代的霸气。,0,1,1522545378
98,1596192342883332,有是砖夹，书生误,0,21,1522247642
99,1596326352784388,美锅货不进口，咱们的高科技也不卖给他，给多少钱也不给他,0,11,1522375443
100,1596185455419399,打，跟他们干，动手！,0,34,1522241073
101,1596303620291591,打！然后计策取胜🙏古人云来而不住非理也👍👊,0,22,1522353764
102,1596420249646087,每一个轮胎工人花费100万美金的成本，想问一下这个成本是怎么算出来的？,0,10,1522464990
103,1596455588148232,美打贸易战，最主要的是中国科技发展前沿，对其不如直捣龙门，一下打爬下,0,6,1522498692
104,1596283493613571,伊都勿管羊乱子，啊啦去管啥格羊性命？我们以前光脚的，还怕再光脚？看看他光脚后是啥样子！,0,18,1522334570
105,1596363975449604,为什么不打,0,25,1522411323
106,1596212456973325,炎黄子孙的性格，做事从小到大,0,13,1522266824
107,1596171389900803,猪肉好吃、牛肉难嚼。,0,28,1522227659
108,1596317288502279,玩的是四两拨千斤,0,12,1522366799
109,1596306467097614,今年夏天，比去年冬天都热。,0,4,1522356479
110,1596264064362503,打什么，我们已经在提高本币汇率减小外贸顺差了！,0,15,1522316040
111,1596176251848712,世上无绝对。愿祖国安好。,0,20,1522232296
112,1596346013010948,我认为也是！,0,14,1522394193
113,1596160483162125,自强一定要自强,0,36,1522217258
114,1596190215610376,阔嘴河马特朗普。,0,8,1522245613
115,1596191013563396,美国专盯中国的高科技？全世界各类能源储备最丰富的就是那边，更好而作用效果好的科技产品技术学习还要分析我们方可，美国那个犯了蠢想干嘛，显而易见。,1,10,1522246374
116,1596167568238606,中国必胜,3,34,1522224015
117,1596699556063239,坚决抵制，美国🇺🇸货，韩国🇰🇷货，日本🇯🇵货，有多少人支持，同意举手[赞同] 一个强大的国家，需要我们每一个公民站出来，共同去捍卫国家的尊严和利益 我顶起[赞同][赞同][赞同][赞同][赞同],0,3,1522731358
118,1596167634831380,不知所云,2,27,1522224078
119,1596151065704452,看不太懂,0,42,1522208277
120,1596171729652740,等于没说,0,118,1522227983
121,1596579764414472,😰😰😰,0,6,1522617115
122,1596550494404615,猪民,0,8,1522589201
123,1596317186386948,天真,0,19,1522366702
124,1596180972486739,以德服人,0,15,1522236798
125,1596150644482062,必胜,0,21,1522207875
126,1596175629944851,虽然我不懂经济，总感觉到受到了欺辱。,3,211,1522231703
127,1596540538328072,我们的国歌大家都会唱，冒着敌人的炮火前进前进前进进，中华民族从来都不曾倒下，几千年都屹立在东方，过去现在将来永远都在，哪个民族能耗过我们呢？胜利永远最后都属于我们伟大的中华民族，属于我们大汉子民,6,16,1522579707
128,1596220244687880,要狠狠的打击美国的霸权主义,1,44,1522274251
129,1596439636485128,我们是在必战还是怕战？不要忽忧国民了。,0,25,1522483479
130,1596445580630036,坚决反击，打打打。,1,16,1522489148
131,1596652889771015,打，但是你拿什么去打？波音飞机全球安全性最好，你可以不买，但国内若干年内无替代品，民航倒退。手机敢禁苹果，国产智能手机会全军覆没，因鼻祖可禁止你使用专利。老美gps给我们大量使用，搜过钱吗？不要说了，能出口多少就多少吧。买方是爷。,1,0,1522686853
132,1596178401262599,不坐美国人的飞机，不吃美国人的农产品，中国人死不了，拒绝美国人的恐吓。挺起中国人的腰杆子。,5,244,1522234346
133,1596313504071683,自强的国家有骨气，专家太多是奴性。,2,76,1522363190
134,1596219380511751,单纯的贸易战是一个支节，更重要的是美台关系法的出台！如果美方住军台湾怎么办？是不是侵略行径？要比美军舰到南中国海十二海里内转一圈重要的多呢！,3,111,1522273427
135,1596167275640839,"美国""觉得中国经济的增长速度太快，中国日规模体量太大，而且中国高科技:产业发展非常之快，直接逼近美国的核心，即具有高科技的制造业。″，从这里可以看出美国对中国的焦虑，恐惧心太重，也证明了中国发展的強劲！中国加油！中国复兴的道无法阻挡！",2,38,1522223736
136,1596188862575645,中国的专家最厉害[捂脸][捂脸][捂脸][捂脸],1,137,1522244322
137,1596460198817795,把美国的苹果手机在中国禁售！生产厂商关闭！还有美国福特等汽车直接赶出中国！,3,13,1522503089
138,1596309717738503,又一个砖家出来了，,3,61,1522359579
139,1596204024030211,中国应该禁止美国一切东西来到中国,6,75,1522258782
140,1596184287490077,从退为进很棒，即赢得了道义又给足了美帝的面子若他执迷不悟就是作死再出拳不迟！,5,54,1522239959
141,1596177687916557,作为老百姓，只有从小我开始，尽量远离美货，能出一份力就出一份力吧。,17,73,1522233665
142,1596177448530957,别让美狗小看我中华儿女多奇志,8,108,1522233437
143,1596516070244355,我都习惯了中国人的遣责，这次为什么不遣责抗议，难道学会其它招数？,0,21,1522556372
144,1596206235728903,关键是老美能如你所说的去做吗？感觉这有点像是在为他们得寸进尺搭桥铺路[灵光一闪],0,104,1522260891
145,1596443426832392,美国优先！美国优先！美国优先！现在知道川普了吧。,0,4,1522487094
146,1596675142260750,我家猪圈还有10头猪要不要卖,0,1,1522708075
147,1596376808620045,特朗普他最大的特点是不可预测性，所以我们要准备底线。言外之意这货经常不按套路出牌，就是疯狗一条。[捂脸],0,5,1522423562
148,1596446272605192,中国希望小打小闹，不打不闹，美国讹诈成分较多，主要是给中国制造2025设路障。,0,2,1522489808
149,1596364080663565,错了，美国三分之一的大豆出口中国,0,11,1522411423
150,1596306124137476,TMD我们炎黄子孙还怕美日奸走,0,8,1522356152
151,1596695009053704,猪民，砖家，，，，,0,0,1522727021
152,1596263215500302,砖家叫兽,2,74,1522315231
153,1596656047961092,猪专家,0,2,1522689865
154,1596171392647198,猪明，就是一个猪，还专家。,3,326,1522227662
155,1596178563469331,中国国内有很大一批贱人，看着国外的什么都好，国内的什么都不如国外的。在支持向己国家的问题上比曰本韩国，或者说比地球上大多数国家的人在人格差远了，可以说贱如狗。中国人让我们从小事做起，支持国货。,30,302,1522234500
156,1596213595627523,砖家说的是屁话，不知所云,1,114,1522267910
157,1596585947214861,这个猪明砖家明显不靠谱，汉奸、,2,54,1522623012
158,1596195260693518,猪名是哪个狗砸🐶，大汉奸胆小鬼，还敢在头条说这样的话。滚一边去,0,284,1522250424
159,1596585563601933,戏子把钱转到美国去了，还能帮中国？,1,37,1522622646
160,1596956371549191,真的是猪专家,0,0,1522976276
161,1596698434436110,戏子、汉奸、奸商都在中国捞金然后送给欧美，例如大汉奸李嘉诚，戏子李连杰成龙赵薇等，打起来这些人跑的更快！,0,1,1522730288
162,1596182755649540,别恶心了,4,186,1522238498
163,6798415703767957519,：美国的很多商品应中国肖售：我国为什么不能多争收他的关税？,0,0,1582879505
164,6809826399155683343,中国要是对美国服务贸易加征关税效果会更好。,0,0,1585536265
165,6816481839122317325,不能让美国人占便宜，他会得尺进丈的，美国6OO亿，中国也应6oo亿，坚决反制。,0,0,1587085855
166,6803093263949070351,美国这个国家怕硬不怕软,0,0,1583968588
167,1596554797064205,全国人民一条心，抗美到底,0,1,1522593305
168,1596536440344589,中国是在争取和平发展的时间....中国加油,0,3,1522575798
169,1596543139570695,国家应该向诸葛亮学学，这是中国的祖专。,0,1,1522582187
170,1596584081436680,本人文化有限，不懂这次贸易战争的厉害，但我知道不管这场没有硝烟的战争最后是输是赢。但咱不能怕不能怂，因为不管那朝那代怕的怂的都没有好下场。就好比邻居闹予盾要干仗，就算咱人少干不过，但你只要敢动手一样打你个头破血流，气势不能丢！但有些人这时候还在背后说怪话，什么支持国家买房的，流量明星先上的，什么贪官污吏有钱的，这个时候不能同仇敌恺吗！对些人我想说，四十年前大家都差不多，为什么现在你家还穷，因为不管是努力打拼，还是坑蒙拐骗，人家用心过努力过，而你啥也没有过，我断言这种人，在国家民族遇到危机时扯后腿，说怪话永远发不了财，成下了势,0,0,1522621232
171,1596677394654222,你这么说突然觉得好对啊，怎么又觉得你怎么说都好有道理啊！你太厉害啦,0,3,1522710223
172,1596569584332804,当然不打最好，是两伤的局面。不过对于像特朗普这样精于算计的人，不打我们肯定也要吃大亏，我建议看美国人的动作，顺势而为，也不能任人宰割，实在不行就打，谁怕谁啊？美国人大量的日常消费，没中国试试？美国没有中国大量的进口物品，特朗普就离下台不远了。,0,0,1522607407
173,1596709170959389,从苹果4到苹果7我一直是你们忠实的粉丝，我想中国14亿人口最起码一半在用苹果手机，如果我们都拒绝用苹果的话，我想说特朗普先生，你说谁会输呢？,0,0,1522740527
174,1596639946655748,棉里藏针就行了。,0,0,1522674510
175,1596564102493198,这一问题我外行，很不了解，也很不懂。,0,0,1522602179
176,1596454512655368,这叫你打你的，我打我的王牌，论持久战，不是硬拼，中国需要进一步的发展与市场繁，如果硬拼两败具伤不划计，留一点空隙给美国佬看他的反应，归根结底需要留下一手好牌摊牌还早不到翻牌的时候轻易出手为妙，中国五千的智慧美国佬是学不来的继续韬光养晦搞自己的经济发展。,0,0,1522497666
177,1596584859731971,光想损失没有尊严，有什么用,0,0,1522621975
178,1596678811101188,加关税的一律不进口、从其它国家进口。,0,0,1522711574
179,1596585448203278,我表示很伤心！,0,0,1522622536
180,1596706026992643,其实大家心里都明白,0,0,1522737529
181,1596510236674061,看待贸易战这个事情首先要看美国的态度，别人扇我们一巴掌如果我们只是挠了一下它的痒痒，势必会助长它的气焰，到时日英法德一起来了怎么接招？不是你认怂别人就会放过你。但是也别愤青般主动出击，能走个场面过最好，如果美国是认真的，也请党国破釜沉舟,0,0,1522550809
182,1596458700944551,贸易战光靠人民自觉抵制是不可能的，不买苹果、不用美国品牌不是根本方法，重要的是提升自己经济、科技等各方面硬实力，现在打贸易战两败俱伤，但伤害更大的是我国。养精蓄锐，等有一天真正崛起之时，贸易战胜负不用猜，结果自见分晓。,0,0,1522501660
183,1596463332758536,每次都是你理智，你明智，你为大局着想，可你老是让别人打，还没人帮你说话，哎，挨打就挨打，别出来瞎嚷嚷，让谁都知道你挨了打，悄悄的咱打不过人家就忍着，总有一天全还回去。别总是挨了打还丢了面子。,0,1,1522506078
184,1596560074632200,中国是一个习惯模仿别人的国家，是个跟屁虫，特别在高科技方面，远远落后于人，没有优先于别人的发明创造，中国的教育已失败，只培养高分低能的家伙，以考上公务员为荣，以当官发财为人生最高目标，奴性的DNA没有多大改变。,0,0,1522598338
185,6783333340335603719,枪打出头鸟，自古不变的的道理,0,0,1579367872
186,1596523634913283,中国人还是怕事，人家每次都制裁你，我们还每次都接受了，并且还拿话安慰自己。我们是个大国(人家是个小国)要有大国姿态。人家欺负我们，我们就让着人家呗。他们说了算，我们是老百姓一个，这能就让他们让着老美呗。,0,0,1522563586
187,6798732622463385615,中美合则两利，斗则两伤,0,0,1582953293
188,1596577154738183,看看俄罗斯。要硬气,0,0,1522614627
189,1596636326580231,谈什么谈，要谈无非是中国再割些肉给美帝，这是一眼看到家的事。实际不用谈，直接加它600亿关税，同时继续抛美债，让它没资格跟我们谈条件。因为美债美元必将是一祸害。从它们不负责任的烂印纸币就能看出来。,0,0,1522671057
190,1596589109841924,最近中美贸易战是最热的关注点，人们都在担心、疑惑贸易战的由头、演变、图谋，可能的结局、影响，乃至于应对的策略等。这篇采编非常好，可以化解很多迷惑，开拓视野，增添定力！[赞][赞][赞],0,0,1522626028
191,1596595478651918,调侃：宁为百夫长，不做一书生！30亿对决600亿，相差20倍！20:1的悬殊差距！这就是中国对特朗普开打贸易战的理性回应？恐怕这正契合擅长谋取利益最大化的美国商人总统特朗普的心意？,0,0,1522632102
192,1596449287423000,如果中美贸易战不可避免？我们已经准备好了，来吧！,0,5,1522492683
193,1596536046912579,我家这沃尔玛超市明天倒闭,0,4,1522575423
194,6803281049058459659,其实没有还击，只是象征性的,0,0,1584012308
195,1596544518242318,说的好，这就像人家大声吼你，你低着头小声应一句,0,2,1522583502
196,1596467169345539,理性是我们中华民族的美德，但若一直忍让，会让他们步步紧逼的，这是美国以来的作风，他总在踩着我们底钱的边延，一次又一次，理性与兽性，美德与野心，狼总是喂不饱的，只有让它痛了，它才会走的。,0,2,1522509736
197,1596721774524424,国人不应退缩，'知难而进，坚定意志，是我国人本色，应沉着应对!,0,4,1522752547
198,1596641440558093,不要打贸易战要打原子弹。,0,0,1522675934
199,6800590075362672652,600亿对30亿？对等吗？！,0,0,1583385767
200,1596557832295431,怎么看着前矛后盾的,0,4,1522596199
201,1596579489730563,双方都有核武，所以不可贸然战争，对等制裁才有可能制止贸易战，30亿对600亿是引诱中美贸易战发生！,0,0,1522616854
202,1596729905551427,就这样奉陪到底呀,0,0,1522760301
203,1596507758109700,这个时候还讲什么理智，反制措施和力度应该再大再大再大一些，让美国感觉到疼，感觉到恐惧才行，这样才能阻止老美的霸权举动,0,4,1522548445
204,1596502405626948,什么时候也杠杠的来一把先发制人呢？,0,4,1522543340
205,1596695685013518,朱院长思想有问题。贸易战有害还耍说。问题是伤害谁更大，中美之间差距是增大还是缩小。这才是问题的根本。,0,3,1522727666
206,1596684376437763,最直接的办法，国债！,0,4,1522716881
207,1596722928759827,我只用中国货,0,4,1522753648
208,1596731887886344,这就是中国的专家！有力没胆也沒用，考虑分析得太周全是无用的，实践才是硬道理。东顾西望最后全失策，打就准，狠，快全力打！,0,0,1522762192
209,1596460336590862,本文是替汉奸说话,0,2,1522503220
210,1596590842408968,我轻轻的问一下谈判是不是就要赔偿,0,4,1522627680
211,1596725447311396,"""人不还我，我不还人，人要还我，我必还人""。在饭都吃不饱的时候，老毛有这气魄。真是很佩服！",0,1,1522756050
212,1596468874178564,我们遇到了一个不可预测的人，见鬼。,0,4,1522511362
213,1596702157501454,川普就得瑟吧！美国这次一定不会好受,0,0,1522733839
214,1596715247075331,十三亿中国人同意国家对美国发起的贸易战进行反制。,0,0,1522746322
215,1596449143808014,不出口稀土，估计全世界也只能用我们产的手机了,0,2,1522492546
216,1596447215036423,泥马你说不打最好，你是特朗普的爸爸。,0,2,1522490707
217,1596696959387656,看情况来咯，先考虑一下观察力要强，各方面看好来吧？。,0,0,1522728881
218,1596503281990686,是爰国主义。还是卖国主义。,0,1,1522544176
219,1596698434098259,gdjfghsj,0,5,1522730288
220,1596461698288718,这就是我们常说的两个人打架，有一个人知道打不过别人就爬到树上叫嚣：打架我不怕你、但我就是不下来……,0,0,1522504519
221,1596560248983565,对等到超越了我们的底线后再还手，但这个点最好不要划在中原,0,2,1522598504
222,1596689268053070,我们好多人根本就不了解两国谁的软肋更多，我们高科技的东西太少，什么时候我们有了绝活，他们就不得不老实一些，还是多听听专家的更好，盲目自大会吃大亏的。,0,0,1522721546
223,1596619284577287,如果你不是中国人，那么肯定和你没有关系,0,0,1522654805
224,1596506096498696,虽然会给我国带来阻碍，但我相信我们中国同甘共苦的精神一直都有的。,0,1,1522546860
225,1596720390030350,这个就很中肯了,0,1,1522751227
226,1596688677768196,大豆的生长周期是一年，再找一个替代国也得等明年了，这个替代国是否会乘机敲我们一杠子，谁知道？最好是息事宁人，不然两败俱伤。,0,1,1522720983
227,1596679255670797,这段话的重点就是特朗普的不确定性，我的天那，我怎么感觉，美国被一个孩子掌控,0,0,1522711998
228,1596448718865421,这样的砖假死的越多越好。,0,2,1522492141
229,1596714040130567,不用问，打,0,4,1522745171
230,1596589583753224,禁止美国大豆出口到中国来。,0,0,1522626480
231,1596573600891911,杀人一万，自损八千，当然是不打为好！,0,2,1522611237
232,1596678267084807,进口都是转机因拉机食品,0,2,1522711055
233,1596697085230093,看美国是否，复合以中国的逻辑，推理来合作的发展吗？。,0,0,1522729001
234,1596699096507395,中国在贸易战中以小博大，农业是美国最脆弱的行业，最容易制造美国内部矛盾。,0,0,1522730919
235,1596587886383117,可惜我们国人还排队抢水果，不亦乐乎,0,1,1522624861
236,1596497379725325,这个专家是群众演员吗？,0,1,1522538547
237,1596541530682372,我是中国人，我都不看好中国！不管你喜不喜欢！,0,2,1522580653
238,1596463730836494,全中国人团结起来，不相信斗不过美国姥。,0,1,1522506457
239,1596550901427203,没看完就不想看了。标题很吸引人，内容全是废话。打都打了，还要和敌人讲负责任，讲什么避免冲突。大道理不懂，只知道李云龙说的要做一群嗷嗷叫的野狼？,0,1,1522589590
240,1596561232656397,朱明先生的論斷是歷史上無能的投帝主人，賣國主人，害人，害社會，害自己，國家有這麼一幫人。危險！,0,0,1522599442
241,6767325618238570499,信心没有用,0,0,1575640781
242,1596619070821444,取消全国学生免费义务教育，和你有关系吗,0,0,1522654601
243,1596708634506248,如果把轮胎换成大豆中国人民的豆浆是否要涨钱了？,0,0,1522740016
244,1596667922475016,动员广大国民自立更生：扩大内需，抵制美货，团结一致，节衣缩食，也要打赢这場贸易战。,0,0,1522701190
245,1596460465305607,格局，这就看出格局来了,0,1,1522503343
246,1596567645395011,在人家手里有短处，敢动手吗？,0,0,1522605558
247,1596635500837918,贸易战打不赢美国，在谈判桌上就更别想赢了,0,0,1522670270
248,1596728776942605,人家拿大棒打你，你却用烧火棍迎击，还自淫，不脸红吗？,0,1,1522759225
249,1596702189754381,中国人不会靠特朗普吃饭!,0,0,1522733869
250,1596684456497160,不让我好过，也不让你好到哪去！你不仁休怪我不义！,0,2,1522716958
251,1596473631423502,留下空间我们继续讨论和妥协。妥协两字有点别扭。,0,2,1522515899
252,1596588613214222,不给不要啦[可爱],0,0,1522625554
253,1596588557225987,30:600本身就说明没有抵抗力的问题了，所以只能求和！,0,2,1522625501
254,1596721957514312,重点是美国封杀我们高技术，新能源等未来制高点，未来制高点是重点，,0,1,1522752721
255,1596458741060616,什么是有理有据？,0,1,1522501699
256,1596684352036867,大国博弈 自强不息,0,0,1522716858
257,1596545491437582,给钱就是啦！不打！,0,2,1522584430
258,1596725565071384,打回圆形就不好了，现在人过习惯舒服日子。。,0,0,1522756162
259,1596642504789005,打，必须打，我们不惹事，但是也不怕事,0,1,1522676949
260,1596587666694148,喜欢华春莹的点赞,0,0,1522624652
261,1596665533186062,是4月1日正式开始？,0,3,1522698911
262,1596585479351300,中国的高干子弟都在美国已担打起来他们怎么办,0,2,1522622566
263,1596696995771406,平等待人以和平发展,0,0,1522728916
264,1596702962223118,对一个有钱人家600元也没啥了不起，对一个没钱的家30元也成问题。,0,1,1522734606
265,1596631114446852,不是你不打，而是别人要打，打了你的脸，还说你乖。欺人太胜。人穷志不穷约。,0,1,1522666087
266,1596716051502104,直接和美国断交，不和他们做贸易。,0,0,1522747089
267,1596525224732686,看头条不看评论，满地狗粮。,0,0,1522565102
268,1596655006007304,该出手时就出手，反正美国没有多少辆我们中国国产车等等的，苹果，福特，凯迪拉克，准备要像三星一样,0,0,1522688871
269,1596498456751108,别人一记耳光狠狠甩过来，我们举着小手说，我要打你哟。然后说，我不是怕，我很理智。,0,1,1522539574
270,1596556073314312,人家六百亿，你三十亿，这反击只是象征性的！若蜻蜓点水波澜不兴？,0,0,1522594522
271,1596702913337358,一派胡言。你以为在玩三国还是玩水浒？明明是太软了，人家600亿，你30亿，当然就该上来大豆。人家做事不给你留后路，你老是给自己找出软弱的理由。真无耻,0,0,1522734559
272,1596594673076238,明知不行，也要亮剑。对手才会对你产生畏惧感。迫使他与你谈判，你才有筹码,0,0,1522631333
273,1596714990257159,每次都是妥协收场才造成今天的恶果。,0,2,1522746077
274,1596690880930823,驱逐加学者,0,0,1522723084
275,1596509011793927,打仗都应该打了，,0,1,1522549641
276,1596684052465672,中国喜欢先礼！！！,0,0,1522716572
277,1596549549704200,"13亿中国人拒绝购买""苹果""手机！",0,1,1522588301
278,1596732171200515,做梦也传染！等吧！美国会发善心饶过你！,0,0,1522762462
279,1596541424091143,这就是中国人眼中的精英,0,1,1522580551
280,1596686879572995,历来都这样！,0,0,1522719268
281,1596604878708739,我们出手太重，美国会不会真的开抢啊。,0,2,1522641066
282,1596600906579982,说十句不如做一件事。,0,0,1522637278
283,1596700557416451,美国快把中国占领了吧！省的花钱办绿本了……好期待！！！,0,1,1522732313
284,1596563463041037,一句话还是实力不够！如果实力足够强大的话，你只要强力反击的话，其实它跟比你怕打贸易战。,0,0,1522601569
285,1596514618667015,不用解释那么多，总结就是一字： 怕,0,0,1522554988
286,1596588792972302,中国联合俄罗斯、伊朗等国在所有的经济金融中废弃美元，这才是正解！,0,0,1522625726
287,1596467938375683,我不好说？是怕，还是没准备好？！！！,0,1,1522510470
288,1596685036201997,不治拉倒，弄就必须让他疼,0,0,1522717510
289,1596596254125063,苹果手机赶出中国？,0,1,1522632841
290,1596710930228238,中国就是要败在转家手里了…,0,0,1522742205
291,1596665222743054,国内宣传基调是这样的，是对的，宁左不右,0,0,1522698615
292,1596540205952004,怕美国还说的理直气状，真服了我热爱的祖国。,0,1,1522579390
293,1596553619145732,从来还是没硬气起来，悲哀,0,1,1522592181
294,1596637326400526,别真打，跟美国闹翻了，他们的孩子都在美国，美国是他们的第二故乡，美国人是他们孩子的干爹,0,0,1522672011
295,1596561558522888,谁能解释一下贸易战对中国的影响？,0,1,1522599753
296,1596715638956039,[捂脸]太软弱了,0,0,1522746696
297,1596579860599815,就像小朋友打架一样，你不打怕它，它就永远不知痛,0,0,1522617207
298,1596586945123332,禁止美国所有商品在中国销售,0,0,1522623964
299,1596581015153677,还钱，把欠我们的钱还给我们,0,1,1522618308
300,1596501558148103,子女都在人家家里，打个pi,0,3,1522542532
301,1596677972288525,30亿那个和600亿那个是两个事！,0,0,1522710774
302,1596557228348420,美国有全世界人民为他赚钱啊！,0,0,1522595623
303,1596689089572868,负责任的乌龟,0,0,1522721376
304,1596491534163982,坚决反击，不用美货，自力更生，奋发图强！,0,2,1522532973
305,1596536490383368,就切磋切磋吧，数字上优势就行了？,0,0,1522575846
306,1596674094180359,打不打谁说了算,0,0,1522707075
307,1596548177322013,人家出于第一招就是600亿，小心第二招，还很多的。,0,1,1522586992
308,1596549833280600,与美斗其乐无穷，也是不斗不行，,0,1,1522588571
309,1596729985432589,犯我中华者！..........,0,0,1522760377
310,1596550702830599,咱娃娃还在美国都是绿卡,0,0,1522589400
311,1596613129635870,看评论感觉我大中华全是好战份子，各种扬我国威的评论，其实有几个不是自己要买的东西真的涨价了，就会各种骂街了,0,1,1522648935
312,1596639176771587,你砍我一刀，我吐你唾沫星子。你还不老实我可就放大招了，再砍我吐你一脸你信不信？,0,0,1522673776
313,1596553224654851,软到最高境界了，可悲可叹。,0,1,1522591805
314,1596599626014724,中国把黃金先运回来,0,0,1522636057
315,1596643706264648,该出手就出手,0,0,1522678095
316,1596553197417502,难道不少和600亿比起来,0,0,1522591779
317,1596641913501725,这个才是真正的狗砖家,0,1,1522676385
318,1596727486107736,大发的弄，10亿中国人，必须支持,0,0,1522757994
319,1596728848575559,要打。。还必须打到它的七寸！。不打就是任人宰割。。。。。。。！,0,2,1522759293
320,1596467363024916,就因为以前没有回击，所以老美没有体验到痛感，这次如果打贸易战，就要打痛特朗普，输掉中期选举。从此美国不敢再打贸易战。,0,0,1522509921
321,1596507187278852,呜呜呜呜呜呜呜呜俄文,0,0,1522547901
322,1596551890398221,这样的头条不要发了都看够了,0,1,1522590533
323,1596602540128259,要一击中七寸，不图一时痛快,0,0,1522638836
324,1596500898845704,不可硬碰硬，但不可便宜它，化而击之。老祖宗教的太极学会用，来拳偏之，伸腿绊之，摔他个狗啃泥！！！,0,0,1522541903
325,1596580982320135,把苹果限制 最简单有效,0,0,1522618277
326,1596455898153987,所谓战斗，应该是对等实力间的厮杀。否则，将是屠杀。。。,0,0,1522498987
327,1596521595517956,不关我事，外国的东西重来没买过，国内贵的也买不起，所以和我没半毛钱关系,0,0,1522561641
328,1596556474599431,我只关心能看的起病。能有房住。能让孩子上的起学。人民生活没有太大的压力就行了。,0,0,1522594905
329,1596491342695432,跟特朗普玩这一套我们还很嫩！,0,0,1522532790
330,1596589203365901,要有规则意识和利用世贸组织规则的本领 应对别国反倾销和反别国倾销,0,0,1522626117
331,1596729544280067,只一打对打才能止打。希望国家做这方面的准备。,0,0,1522759957
332,1596463538656260,人若犯我，我必犯人,0,1,1522506274
333,1596555865429005,怎对抗，以卵击石，我看还是退让的好,0,0,1522594324
334,1596584189581319,贸易顺差太大!,0,0,1522621336
335,1596585595998211,中国废人多，,0,1,1522622677
336,1596667167202311,我支持美国加洲独立,0,0,1522700469
337,1596726993039367,先不说中美之间的差距，看看自家盟友的差距，占世界市场的贸易份额[捂脸],0,0,1522757524
338,1596471112927235,真的是无用文人,0,2,1522513497
339,1596545896122551,就算是两败俱伤也给他打一次，让世界人都认识认识不是中国调起的，,0,2,1522584816
340,1596505591087111,我们应该让美国尝尝苦头，下次看他还敢不敢。,0,2,1522546378
341,1596543968138253,这是懦弱者的说辞,0,2,1522582978
342,1596558062781444,别人用铁棒来敲我，我用泥棒去敲他，合适吗？,0,0,1522596419
343,1596470252525581,早就知道了,0,0,1522512677
344,1596546802515976,觉得贸易逆差太大，少给他口点稀土不就行了,0,0,1522585681
345,1596518703068164,不会打，你们可以为所欲为。,0,0,1522558883
346,1596450337737757,鼓气勇气，勇敢冲上去。胜利永远是正义者的。,0,0,1522493685
347,1596459358642184,特朗普都七+多岁啦活能活几年不给他生这个气,0,0,1522502288
348,1596513102921731,中俄联手雄傲世界普京这个朋友可以交机不可失,0,0,1522553542
349,1596551246342163,China 不差钱，这点钱算什么。,0,0,1522589919
350,1596582814959624,不这样价格怎么涨上去,0,0,1522620025
351,1596565953550343,王婆卖瓜自卖自夸，没有一点志气。,0,0,1522603944
352,1596510125649924,苹果手机你们还买吗？,0,1,1522550703
353,1596585738269704,向普京一样强硬,0,0,1522622813
354,1596551428122638,天啦，居然进了美国大豆61%，不说不知道，一说吓一跳,0,0,1522590092
355,1596617829936158,我最愿听的歌:志愿军战歌,0,0,1522653418
356,1596586553904136,要像俄罗斯学习，有点霸气好不，,0,0,1522623590
357,1596614934274051,凭么不打，要很打,0,0,1522650656
358,1596526412867588,拿深圳那班土匪抢摩托车电动车嘀狠劲对付美国佬吖[呲牙][呲牙],0,1,1522566235
359,1596571984287747,当年的李鸿章,0,0,1522609696
360,1596728142389255,不知道什么时候中国人民才能站起来,0,0,1522758620
361,1596717617992781,稀土类能不能限制一下对美及其盟友出口？,0,0,1522748583
362,1596447028752392,中国是一个负责任的大国[微笑],0,1,1522490529
363,1596591374462990,中国再和平发展30年，会有点话语权，现在？忍忍吧,0,0,1522628188
364,1596560180656136,说一千道一万国家还是怂q,0,1,1522598439
365,1596466794248195,朱民是个软骨病人,0,1,1522509379
366,1596583053855752,30亿仅是针对钢铁而已！,0,0,1522620253
367,1596587164301325,一个大棍。例子不错，通俗易懂。,0,0,1522624173
368,1596465137759239,又有一击致命感才好。,0,0,1522507799
369,1596561820553284,打，坚决可全国人民应该支持，每人先打十块，不行再打一百，战斗到底。,0,0,1522600003
370,1596584824416259,总而言之，中国没有美国是活不下去的[捂脸][捂脸][捂脸],0,1,1522621941
371,1596591025219591,听专家说一般都是误事的，诺诺。,0,0,1522627855
372,1596577327772680,中国以一刀捅向老美的心脏，那就是石油用人民币结算。,0,0,1522614792
373,1596555652692996,我们中国就是顾虑太多！,0,1,1522594121
374,1596521261387789,结果心知肚明,0,1,1522561323
375,1596553315975176,一有事就说经济，俄美干了这么多年，俄没人饿死也没分裂，反而很团结,0,1,1522591892
376,1596597379427332,没有硝烟的战争，不可预测，中国人才多，有决对的策略应战！,0,0,1522633914
377,1596676965193741,打他……打他……对方现在什么队形嗯现在……,0,0,1522709813
378,1596587273051150,我是看评论的路过,0,0,1522624276
379,1596513405671447,还有其他国家可以出口啊,0,1,1522553831
380,1596515765684227,妥协亮了～～,0,1,1522556082
381,1596549184550980,赞成这句话，明明受人宰割，还说得有理有据。专家真行。,0,1,1522587952
382,1596465332285447,为了公主阁下的安全，一切的从长计议，切不可胡来,0,0,1522507985
383,1596592905484301,他说打就打，说不打就不打啊，先打痛他再说，让他以后长点心,0,0,1522629648
384,1596546365240340,必须迎接挑战，否则就等着被割肉,0,0,1522585264
385,1596550614622212,中国人自己不争气赖谁！,0,1,1522589316
386,1596542352178190,总体是军事实力不行。因为贸易战的升级就是军事战。所以中国应当谨慎。,0,0,1522581436
387,1596556783540228,会玩叼三批吗？当你拿了三个A是想马上翻牌还是慢慢拉对手下水？,0,0,1522595199
388,1596468825216003,现实点，多学习战斗民族精神……有些东西真的要学习，不能眼皮子浅,0,0,1522511316
389,1596543588658270,这是不是有肉奸美国人会用这样的套路,0,0,1522582616
390,1596551485950980,我们在等等……机会，等你一万年！,0,0,1522590147
391,1596495506841607,知道为何老美专欺负我们了吧,0,1,1522536761
392,1596540797711364,打仗未必输贸易战就是输定了！,0,0,1522579954
393,1596506831510531,中国没有反击，别乱讲。,0,1,1522547561
394,1596673679541262,又来专家了，我服了,0,1,1522706680
395,1596643024826376,留着跪地求饶的余地,0,0,1522677445
396,1596523922587662,因为中国的做法估计不地道,0,0,1522563861
397,1596550797279240,打打打打不过在说,0,0,1522589490
398,1596555513663495,美国就是怕了,0,0,1522593988
399,1596527024684036,朱老板你是不存钱在美国了呀？？？？,0,0,1522566819
400,1596471464604675,没有一点阳刚之气!,0,0,1522513833
401,1596469995385923,十万精兵一颗心，试问谁敢触昆仑。,0,0,1522512432
402,1596450426389512,別拿中国人的血当水。？中国龙不能变成浓,0,0,1522493769
403,1596478565713923,滴滴美团开到美国去，把他们市场搞乱,0,0,1522520605
404,1596557923210254,示一下弱没什么不好，盼望自己的国家快发展、快强大!,0,1,1522596286
405,1596543986523144,要打就打到底！,0,0,1522582995
406,1596494120165384,中国历来是软皮蛋[灵光一闪],0,0,1522535439
407,1596562665150467,对好妥协，哈哈,0,0,1522600808
408,1596531744616526,不能忍气吞声,0,0,1522571320
409,1596495226139652,还是老一辈有骨气,0,0,1522536493
410,1596556575185923,我们管不了，你们玩去吧,0,0,1522595001
411,1596592370481155,真心最怕的还是中国，现在中国是闻名遐迩的世界工厂,0,1,1522629138
412,1596533330622468,顺情说好话,0,0,1522572833
413,1596614322948110,我的家里电器，都是原产地中国。还分期买。,0,0,1522650073
414,1596588541005837,欠债的是爷,0,0,1522625485
415,1596527405405287,跟美打贸易战，先从大豆开始。,0,0,1522567182
416,1596541013140484,用太极功夫你快我不乱，后发制人。,0,0,1522580159
417,1596562919682056,中国这是让子弹飞一会，虽然不强势但也的确是减小伤害的办法，给彼此留有余地！,0,0,1522601051
418,1596533460054030,该出手时就出手,0,0,1522572956
419,1596474936567816,你若战，那便战。中国国力不同以往，应该挺直腰杆说话。,0,0,1522517144
420,1596486318368782,30亿对600亿，还很坚定?!,0,0,1522527998
421,1596680996123656,软是一惯的,0,0,1522713658
422,1596559282415623,我一穷鬼不参合了。,0,0,1522597582
423,1596538956940296,说这些有什么用，来点实际的吧,0,0,1522578198
424,1596464991881219,@一个莹 @豆包影视,0,0,1522507660
425,6770771204266885127,中国股市[捂脸],0,0,1576443027
426,1596506041027597,应该双倍还击，同意顶起，！！,0,0,1522546807
427,1596459975608333,你说的美国人不懂。,0,0,1522502876
428,1596574548026371,负责任大国？负了什么责任了，我不知道,0,0,1522612141
429,1596644278668292,慢慢来，石油人民币才是关键,0,0,1522678641
430,1596596943393795,提高美国进出口关税，进口货卖的贵了，谁去买，自然就倒闭了，,0,0,1522633499
431,1596620106171406,针锋相对从我做起,0,0,1522655588
432,1596559577277517,汪精卫的底线，,0,0,1522597864
433,1596539717501955,一看第一就不想再往下看了,0,0,1522578924
434,1596546522989576,请问，中美这次贸易战我们的底线是什么？,0,0,1522585414
435,1596594691617795,打打打打打打打,0,0,1522631351
436,1596503032736781,先下手为强  防守反击 必须重拳出击,0,0,1522543938
437,1596450573604887,牺牲面子，也不放弃票子,0,0,1522493910
438,1596540940299271,打不打，看评论！,0,0,1522580090
439,1596537421676548,很多高科技还需要进口,0,0,1522576734
440,1596646550629422,中国应该出个反伤刺甲了,0,1,1522680808
441,1596546154587144,到底是谁离不开谁？强者怕弱者吗？,0,0,1522585063
442,1596554402847748,很难打，中国人太多，耕地少,0,0,1522592929
443,1596557865111556,我们有四两拨千金的组合拳,0,0,1522596231
444,1596504669009934,伤敌一千自损八百的事，老祖宗早就告诉我们了使不得。,0,0,1522545499
445,1596459887207431,对美国的大豆和苹果手机增加百分之五十的关税，特郎普立马就会服软。,0,0,1522502792
446,1596540069854222,洞朗怎么样了,0,0,1522579260
447,1596547687211102,好像清政府的感觉。,0,0,1522586524
448,1596580581445640,？？？？？？？,0,0,1522617895
449,1596505333115912,穷不与富斗。,0,0,1522546132
450,1596505701411843,美国500亿就是不理智了？特朗普表示不服,0,0,1522546484
451,1596500610409486,不敢打就不要打，这么多理由,0,0,1522541628
452,1596588709641230,反击没力度伤害不着美国元气，效果肯定不会太理想。,0,0,1522625646
453,1596541129616461,没有美国农产品进来，中国人起码饿死三分之一。,0,0,1522580270
454,1596555296675847,要是有谁能研究出一种能抗击核武器的东西，那他就是世界主人了，科学家加油！,0,0,1522593781
455,1596587156161539,看看俄罗斯是怎么反击的就知道该不该打了,0,0,1522624165
456,1596494950123533,妥协到什么时候。,0,0,1522536230
457,1596516541926407,不是你说了算,0,0,1522556822
458,1596595761822749,为全世界？！,0,0,1522632372
459,1596607521773572,朋友来了有好酒，若是那财狼来了迎接他的有猎枪,0,0,1522643587
460,1596490644592647,人家打你，你乐观。哈哈哈哈哈哈。,0,0,1522532124
461,1596681297014788,应该加倍！,0,0,1522713944
462,1596481932935171,大棒打来我会抱头。,0,0,1522523816
463,1596544426573831,美帝国是纸老虎的,0,0,1522583415
464,1596585456036935,我们要以德服人,0,0,1522622543
465,1596573354273805,中国必须反击,0,0,1522611002
466,1596464692868110,留下空间我们继续讨论和妥协，这话听的不舒服，不舒服呢,0,0,1522507375
467,1596548140757012,管我鸟事，穷光蛋一枚。,0,0,1522586957
468,1596545274985491,没办法，逼到家门口了，不应战就服输，躲是躲不开的。,0,0,1522584224
469,1596527213213704,从了就完了,0,1,1522566999
470,1596463858496519,中国贸易战感觉打不赢美国,0,0,1522506579
471,1596545080246349,学俄罗斯！,0,0,1522584038
472,1596547530129475,什么也不想说,0,0,1522586374
473,1596643040119822,自圆其说。,0,0,1522677460
474,1596474465377283,先强大再反击,0,0,1522516695
475,1596501639413764,打，打，打，打个太极拳。,0,0,1522542610
476,1596471490447389,要像俄罗斯那样打的狠,0,0,1522513857
477,1596461020456968,说半天还不明白，不想打！不怕打！不回避！（话在酒中）,0,0,1522503872
478,1596556490423309,来而不往非礼也。这话难道错了,0,0,1522594920
479,1596453361191943,这个性不能代表中国就是个动物,0,0,1522496568
480,1596551947638787,要以德服人,0,0,1522590587
481,1596457802458119,坚决打，支持！,0,0,1522500803
482,1596545708008451,没有骨头，身段柔软。,0,0,1522584637
483,1596443914311687,中国人手里没一个苹果手机就赢了,0,1,1522487559
484,1596730042629198,服软咯,0,0,1522760432
485,6800674382311309320,中国加油,0,0,1583405394
486,1596458196984904,需夫,0,0,1522501180
487,1596531377024013,吵吵健康,0,2,1522570970
488,1596552082579459,[打脸],0,0,1522590716
489,1596454284696647,+,0,2,1522497449
490,1596460647692356,汊奸,0,0,1522503517
491,1596457916536839,亲美派！,0,1,1522500912
492,6810609619602980864,rcz,0,0,1585718624
493,1596645954941959,内需发展,0,0,1522680240
494,1596503664962589,。。。,0,0,1522544541
495,1596692033113096,嗯 好乱,0,1,1522724183
496,1596574343174147,太软弱，,0,0,1522611945
497,1596585281812494,打,0,0,1522622377
498,1596563009605639,以德服人,0,0,1522601137
