﻿,id,comment_text,reply_count,digg_count,creat_time
0,1598271477188622,我们自己要靠自己，加油，有能力的国人们!,0,14,1524230458
1,1598270007844871,说的太好了，赞,0,46,1524229057
2,1598280004178957,局座威武，东方的神话,0,7,1524238590
3,1598283324324878,强大路上总有牵绊，祖国加油,0,3,1524241757
4,1598283169795086,局座威武，顶礼膜拜,0,1,1524241609
5,1598271679895565,厉害了，局座,0,22,1524230652
6,1598273656005640,犀利！给局座点赞！喜欢看局座的文章和视频！,0,12,1524232536
7,1598281048703048,局座威武，看的明白[赞],0,1,1524239587
8,1598271039727620,神人深入，赞,0,14,1524230041
9,1598278042184708,局座，必须赞您👍，辛苦了！,0,6,1524236719
10,1598276929147918,说的不错啊局座,0,8,1524235658
11,1598275634820103,局座威武,0,4,1524234424
12,1598272073664519,局座，料事如神，下一步该怎么走,2,23,1524231027
13,1598270885500936,那局座你讲讲如何破局看看？,6,68,1524229894
14,1598269983509527,局座威武，真乃神人也！,1,76,1524229034
15,1598274844434456,几年前芯片问题我都想到了！何况我们的国家，！！！所以大家别担心！！,6,35,1524233670
16,1598270529045512,不进口咱们中国的钢材，我个人认为挺好的。正好借此机会淘汰关停一批大型钢厂。因为污染实在太严重了。这样对环保部门是一个利好。,1,41,1524229554
17,1598272672715790,局座的解释简单明了，一针见血，剐蹭难免，拒绝碰瓷,2,29,1524231599
18,1598316186476558,按照WTO的约定，中国最晚应该于2011年前完成市场经济转化，现在别人白给了你近七年的时间，说你不是市场经济你还嘴硬!现在好了吧，汽车和抗癌药先降关税了！不符合进美国市场的中兴被罚了,4,3,1524273097
19,1598308055988227,最可恨的是中兴  都被罚一次了  还比多留几个后手，,1,5,1524265343
20,1598323628977166,谁说的救美国就是救中国,1,4,1524280194
21,1598313508927502,如何破局?,1,7,1524270543
22,1598278229465095,侃大山啊侃大山，一年前咋没听你说呢[我想静静][我想静静][我想静静],2,6,1524236898
23,1598275934333955,你们都这样说局坐会不会刚服自用啊！,1,8,1524234709
24,1598319603522563,张生你不觉得中国不给人拍下会不会一睡不醒呢？,2,2,1524276355
25,1598271349175300,局座很有眼界，很多次精准的推论了。[赞],1,29,1524230336
26,1598323645801486,美国的大捧会长期准备随时举起，只是我们和平时间长了，看谁都是好人，以别人是逗你玩。所以，经常当我们见到炸弹飞来，还当是娱乐哪。忘战必危，国人当醒了，再不能没有备战，马放南山了。中华民族到了最危险的时刻，不只是在歌里。,0,6,1524280210
27,1598310680721432,以逸待劳，围魏救赵，借刀杀人，暗度陈仓，擒贼擒王，只能帮到这了[呲牙],1,5,1524267846
28,1598319746038787,为什么反对党不反对？你不是不明白而是不敢说吧。,0,4,1524276491
29,1598277281434702,局座圣明[赞],1,11,1524235994
30,1598336563274756,那国家有做这方面的准备呢？,1,0,1524292529
31,1598308273187847,局座中芯8万人有可能失业、宁可让这头吹气的大象倒下、换国人觉醒、学习造原子弹、国产航母的精神、造国芯！！宁可八万人失业！宁可我也进了号子！也可以！我们不需要拼装公司！,0,15,1524265550
32,1598269848702990,局座，我顶了[赞],0,48,1524228905
33,1598316075912196,局座英明！,1,0,1524272991
34,1598307450199044,说的容易做的难啊！这就是一山不容二虎，勇者胜啊！绕是绕不过去的！,0,12,1524264765
35,1598489481168899,应该这场贸易战不低于80年就开始决定和布局了吧，这个时间点选的都太合适了，世界经济形式，中国经济现状。中国粮食安全。都合适。90年前老专家，老教授都在牢骚败家子的时候，老一辈都看到了今天。作为一个跟在这一辈人的小屁孩，看到了一代人的无奈和感慨。,0,0,1524438363
36,1598311549733892,说一千道一万，一句话人民币动了美元的奶酪，当初的欧元，现在的人民币，只要中国能坚持，顶得住压力，美元解体不再是神话。努力吧，团结起来我的国人,0,13,1524268675
37,1598276528563204,特朗普是一个厉害的对手，不要轻视他。,0,24,1524235276
38,1598320295831559,我到现在还记得局座当年关于伊拉克进攻科威特之后美国到底敢不敢攻打伊拉克的时事评论视频，分析的非常正确！代表了当时中国政府对美伊战争未来的局势！,0,4,1524277016
39,1598303904555012,还是一位老人说得好，前途是光明的，道路是曲折的！[赞][赞][谢谢][谢谢],0,15,1524261384
40,1598316858894340,局座是为数不多敢说敢发的人，希望你好人一生平安，美国中央情报局一直想干掉你！,0,8,1524273738
41,1598271036014599,一年前就预测了，厉害,0,26,1524230038
42,1598324849642500,啊啊啊啊啊……美國世界第二啦？那谁老大？,0,0,1524281358
43,1598310392904712,头条不是经常发，这第一，那个世界领先水平，这个国家胆颤，那个国家害怕了等等这类文章吗？这样的发多了不好。多发发短板和不足的地方，让国人清楚真相，我相信大多数公民还是有担代的。,0,4,1524267571
44,1598499831970823,帝国主义之狼子野心，永远都不会死。,0,5,1524448235
45,1598274297559060,中国人的聪明才智一定会弯道超车的！,0,18,1524233148
46,1598270280275027,局座[赞],0,31,1524229317
47,1598271516157960,确实有远见,0,26,1524230496
48,1598334719421444,反制措施在哪里，好歹说也说出来吧,0,3,1524290771
49,1598332537349133,希望局座这次预测也是正确的，老大变老二,0,4,1524288690
50,1598272343772168,出路永远在自己手中。,0,25,1524231285
51,1598320012869636,树大招风，近几年中国自己吹棒膨胀的厉害招之的结果,0,4,1524276746
52,1598275695063044,局座诸葛亮再世啊,0,18,1524234481
53,1598320084909080,第一第二大经济实体现在看来质和量的差距实在是太大了。相信这场贸易战或将深刻的改变中国,0,3,1524276814
54,1598343118943235,局座分析一下中兴事件结局会怎么样？,0,2,1524298781
55,1598277826510856,还是局座说的在理,0,8,1524236514
56,1598299101188103,何止一年前? 竞选的时候就说了，当选后就找人开始制定了。,0,4,1524256803
57,1598278957820952,张局眼光长远。预测精准。可以顶十个师。[赞][赞],0,7,1524237593
58,1598316546332685,美国人早就输了这场贸易战,0,3,1524273440
59,1598330463568899,我们的第二把刀应坚决㧅向美国的汽车工业！全面提升进口整车和零部件的关税！,0,0,1524286712
60,1598308812930055,都是为了自身利益，就看谁手段多！,0,5,1524266065
61,1598274622291972,局座没预测芯片之殇？,0,11,1524233458
62,1598343778322435,美国赢不了我们的,0,1,1524299410
63,1598273463411716,楼主有对策了，我也放心了。,0,14,1524232353
64,1598272370931719,洞察力惊人[赞],0,10,1524231311
65,1598353315608589,不算坏事不打不能清醒的认识自己,0,0,1524308506
66,1598278566952968,为啥不谏言呢,0,4,1524237220
67,1598312183009283,我们的智库那帮专家呢？,0,1,1524269279
68,1598329311374350,历届总统制裁钢材，没奏效是因为这是打压价格的手段而已。,0,1,1524285614
69,1598274133506062,局座预测下未来走势吧,0,11,1524232992
70,1598271571558413,局座神人也,0,12,1524230549
71,1598311236028461,局座的预言一个个实现了,0,1,1524268375
72,1598271781209095,局座，盐山的同乡被你的远见卓识深深折服了！,0,8,1524230748
73,1598274666743816,局座实力圈粉，关注了。,0,7,1524233500
74,1598274055248904,还没看过瘾。,0,12,1524232917
75,1598277541817348,奈何总有人拖后腿！！！,0,5,1524236242
76,1598320597362696,信息高速公路太英明了,0,0,1524277303
77,1598272651687943,分析到位，局座威武,0,24,1524231579
