﻿,id,comment_text,reply_count,digg_count,creat_time
0,6800734034998919182,一个中国，是中美建交的基础。如果这个基础没有了，中美之间也没必要再有关系了！,17,7006,1583419283
1,6800766049832419342,取消一切惠台措措，穷台、困台，加强军事高压，外交上不断弧立尽可能多挖掉些台湾邦交圈，最重要的是充分做好武统台湾准备。,2,4277,1583426739
2,6800762695298580480,抛弃幻想，准备好随时战斗，解放台湾！但也要保持清醒头脑，做到快、狠、准、击其要害！,2,5231,1583425957
3,6800754158733017103,咄咄逼人步步紧逼，我觉得应该亮剑了，输赢不重要，主要是让其他人看到我们的决心,4,1836,1583423969
4,6800733317110071304,祖先留给我们的一句话：路遥知马力 日久见人心！来吧！我们等着！,1,1593,1583419116
5,6800736010864476160,放掉幻想，备战强军。只有有强大的人民军队，才能够让人生畏，才能够让人尊重。,1,3160,1583419743
6,6800736545952350215,管他东南西北风，吹定青山不放松！只要立足于“武统”为基础，力争“和统”的战略，牢牢把握“家里事”的主动权，外面的豺狼再凶恶，也只有蹲在外围狂嚎的份。,0,917,1583419868
7,6800777938242928644,美国打台湾牌牵制中国，台湾当局愿意当美国的牌，中国只有，撕掉这张牌，武统台湾，是最佳选择！,1,1219,1583429513
8,6800739106047115279,大陆军事力量世界强国之一，又是核大国，打下一个小小台湾岛，不在话下了。十四亿人对二千多万人，一个壮汉对付一个幼稚园的小孩了。,3,584,1583420464
9,6800768268107481100,向全世界宣布台湾禁飞区域包含台湾省在内，不经中国同意任何飞行物体不得在区域内飞行否则打落。,0,695,1583427260
10,6800736345901465611,尊严与物质，我是中国人我绝对选择前者,2,494,1583419824
11,6800834284375752719,国际风云变幻。美国l为反了基本原则（中美三个公告）大中华应该强力回击美国。第二警告台湾（最后通告匕首行动亮剑武统实施）。捍卫祖国尊严和统一复兴全面实施。[玫瑰][玫瑰][玫瑰],0,277,1583442633
12,6800763931565604879,又一次给了我们不在疫情中合作的机会！国人不能忘记！！！,0,256,1583426245
13,6800790647143006222,台湾要统一，只有一条路，那就是战，和平的希望以经没有了，在时机成熟时，一劳永逸,1,426,1583432469
14,6800746357549252623,中国应严厉打击整肃亲美势力！整军备战，尽快收复台湾，不能再拖。收台必须采取大裂度的打击方式，实施多轮饱和打击，放弃保留台湾发展成果的幻想。中国人民勤劳勇敢，3～5年就能在焦土上重建台湾！,0,733,1583422152
15,6800836150761848835,两岸不是一家亲了…相逢已是陌路人。,1,359,1583443083
16,6800745760372883471,战机飞跃台湾，看它敢动动,0,268,1583422013
17,6800837026171617287,跟着美国是否帮助台湾立国，然后建立外交关系，美国这种摆戏上演多次了。我们不要再干瞪眼。应向外宣告只要美国总统签名成列一刻，美国外交关系降级生效，撤回部分外交人员，同时驱逐部分美国外交人员。随时做好断交准备，不惧战，武力有时也能赢取和平。,1,268,1583443270
18,6800738491182612488,国家应早做战备，足够的礼物东风快递迎接任何一个敌人。,0,222,1583420321
19,6800826700847579150,应该宣布台湾空中禁飞区海上禁航区,0,211,1583440865
20,6800745301151072264,召回住美大使，关闭军事交往通道,0,225,1583421906
21,1660337043480583,时间越往后拖，敌人准备的也就越充分。,0,228,1583420794
22,6800756476413149199,台湾收复宜早不宜迟。此话为准,0,199,1583424509
23,6800788787942440974,可以先降级外交级别的，再后可以断交，因为再这样下去已无建交的必要了,0,192,1583432035
24,6800760947553730573,一定要尽快统一，越拖对我们越不利。,0,180,1583425550
25,6800888940829605900,现在别提两岸一家亲，血浓于水，这只是我们一厢情愿罢了。对岸可不这样认为。,0,208,1583455353
26,6800867549518020620,美国围堵中国野心永远不会死，中国人民要时刻准备着！,0,140,1583450373
27,6800817379711451148,解决台湾问题宜早不宜迟。夜长梦多，快刀斩乱麻！,0,145,1583438710
28,6800784045166149643,实际上美国不在承认一中了。现在升温的日韩关系也再出现变数。因为日韩也要选边站了，还有欧洲。大家心里要有个数。,0,130,1583430937
29,6800768981952659463,干是道理！干赢才是硬道理！,1,112,1583427422
30,6800830339574317071,与美国打交道要淡化台湾问题。不管美国说什么都不理会，不给美国牵着走。因为台湾问题是不能谈判的。美国不可能倾国力去保护台湾。很明显，美国与中国开战会让俄罗斯和欧盟更强大，那是美国承受不了的。,0,90,1583441714
31,6800814643481673735,关键在于我们能不能有没有实力尽快实现祖国统一,0,103,1583438058
32,6800826587681439759,台海局势早就不由美国的态度主导了。”就像网友所调侃的：“美国通过‘地球法案’地球就属于美国了？”说得好。,0,87,1583440841
33,6800740951578476559,干就完了,0,74,1583420894
34,6800744941032751118,与美国各领域的较量是不可避免的，我们要有长期、充分、最坏的准备！特别是在台湾问题上，美国的意图很清楚：1打台湾牌两边捞好处。2挑起两岸争端甚至战争，坐收渔翁之利。3，制约阻碍遏制中国的发展。,0,77,1583421823
35,6800765423223848967,美国既然如此大耍流氓姿态，对待我们，我们不能总以“礼仪之邦”之仪，理性说教，完全可以不跟他们节奏起舞，适当地表现一点强硬，由被动应战，不如也让他们无可奈何，不要怕他们怎么样？没啥了不起的。,0,115,1583426593
36,6800749416388214799,必须还以颜色，歼20该起飞了越过海峡穿过台岛，老美铁定兔子一样开溜,0,60,1583422865
37,1660338885281805,要多学习学习电视剧换了人间，只有强势出击才能杀伤美国的锐气。,0,69,1583422551
38,6800856280241471500,做好统一祖国准备的同时，制裁麻烦制造者的帮凶。,0,61,1583447754
39,6800736141474578447,"狼🐺子之心#美国疫情最新通报# 

打铁需自身硬#台海时事# #我要上头条#",0,35,1583419773
40,1660347351140359,必须降低外交等级，降使馆为领事馆，保留进一步反制权利。现在不能只考虑发展空间，美国已经迫不及待强行遏制了，若不反制美国人会更加肆无忌惮，国人会理解的，尊严需要人性理解的，有些钱也不必要赚，对美国这种自私没有人性的国家必须做好外升级战的准备。,0,69,1583430625
41,6800827422964449284,到了与美国决裂的时候，挑战与围堵并用,0,62,1583441054
42,6800770018608070671,尽快武装统一台湾并困岛一个也不叫它跑了。,0,45,1583427663
43,6800738040810831886,要一招之胜，武统准备，把阵势摆出来，把金门先统一，看小丑们怎么跳！！！,0,56,1583420216
44,6800776594680987648,台湾问题该急时解决，如搞成又一个外谋古国那就亏大了。,0,47,1583429194
45,6801045832834875399,美国左手出兵波兰军演联合北约并土耳其与俄罗斯对弈，俄罗斯脱不开身；；；右手出《台北法》“宣战”中国，如果在军费上稍微让步日韩，日韩将对美感恩戴德直逼中国，加上小特特出印度结好。。。整个以中俄被动应对局势形成，咋办？ 以攻为守：中俄大规模太平洋军演直逼美本地边沿，打蛇打七寸，或可拆招。。。,0,6,1583491879
46,6800768000464404491,一个中国，是中美建交的基础。如果这个基础没有了，中美之间也没必要再有关系了！,0,185,1583427197
47,6800897222810042368,所谓“血浓于水，同宗同源”已经是一厢情愿，唯有武力收回我们的国土才是当务之急，大势所趋！,0,38,1583457279
48,6800899835970338819,一个连塔利班都打不过，伊朗都摆不平的美国，现在又来支持台湾与大陆打代理人战争，想法不错可能实现吗?不切实际的幻想。,0,27,1583457889
49,6800914801527734283,取消一切惠台措施，断台，穷台、困台，加强军事高压力，外交上不断弧立尽可能多挖掉些台湾邦交圈，最重要的是充分做好武统台湾准备。抛弃幻想，准备好随时战斗，解放台湾！但也要保持清醒头脑，做到快、狠、准、击其要害！,0,30,1583461373
50,6800985818288242700,中国人涨涨志气，美儿再困难，也别帮了。,0,7,1583477909
51,6801022392635719694,割韭菜咯,0,3,1583486422
52,6800906034031624199,还两岸同胞血浓于水，两岸一家？别自欺欺人了，你把人家当同胞，人家把你当敌人！,0,28,1583459330
53,6800932043305369613,老美自己不和台湾建交，却对别人进行威胁，流氓头子,0,11,1583465386
54,6800741399764500488,中美非要走到断交,2,1206,1583420998
55,6800749198951284751,事物要辩证的看，用台湾来牵制中国，其实也在牵制美国自己。而美国的核心利益并不在台湾，在中东的石油美元，美国对华的经济与军事冒险，正是为了阻止人民币结算。你把部队调到亚太来，我就跳到中东去。台湾是美国脖子上的绞索，中东是美国的心脏。拉一拉绞索，消灭其心脏,0,56,1583422814
56,6800876539253866500,战争是解决一切纷争的最简方式!,0,8,1583452466
57,6800787098321567756,中国要统一，美国一定会干涉。做好军事斗争准备，制定反介入措施。中美军事对抗必以美国失去霸权地位和中国崛起而结束。美国的最大劣势有两点。第一就是太平洋的阻隔。战场可能在大平洋西岸至东海至广东沿海一带的广宽海域。在这一海域，中国以目前的军力完全可以取得制空权和制海权。战争一开始，韩国就会中立，以确保不被朝鲜秒灭。日本则会帮助美国。但只有我军对在日美军基地给以毁灭性打击，以及对一切助美的日本海空军事器件及其上的军人进行坚决打击，日本会很快退出战斗，最长不过三年。三年后，只凭美军以关岛为基地向中国进攻，那只是苟延残喘罢了！中国这时可以不急于结束战争，慢慢拖，就可拖垮美国，彻底结束美国的霸权地位。中美之战总的时间最长也不过7年。7年后，美国将完全不可支撑，彻底倒下。从始，中国将真正走到世界舞台的中心，为建立美好的人类命运共同体贡献中国智慧和力量。,0,11,1583431646
58,6800747470680326144,听喇喇蛄叫还不种庄稼了，搭理他们干啥，做强自己！,0,24,1583422412
59,6800775893209530375,4日，美国国会众议院以415比零的票数表决通过“2019年宇宙盟邦国际保障与强化倡议法”（简称“宇宙法”），此法的出台，进一步表明美国的立场，宇宙是美国的，理所应当包括银河系以及太阳系，还有太阳哟[呲牙][呲牙][呲牙],0,20,1583429032
60,6800756072698380295,半个月内，新冠会整垮美国！自己造的孽自己要承担！,1,20,1583424415
61,6800825348432052238,山姆大叔的军事实力不容小觑，排除核武器的情况下，即使全世界群起攻之，也是被吊打的份。,1,9,1583440551
62,6800785834561306638,不急一定要稳当前这场疫情是有关国运的一场决战，是一场大阴谋，敌人必将受到病毒反食，这场疫情决胜利了，敌人可能被他自己种下的恶果拖垮了，我们不用出手也是被这场疫情决战而一战定乾坤了,0,20,1583431348
63,6800736500414889984,解放台湾时不我待，等疫情过后就作手准备好，现在万事俱备只欠东风了，台湾问题易早不易迟，不能再拖了，该岀手时就必须出手，家务事免得麻烦他人指手画脚来添乱，不然到时候真不好搞了，所以大军前进，军号吹响进攻进攻！！！,0,102,1583419857
64,6800809674816880655,如不早统一的，后面麻烦多的是，四面讨好做不到，长痛不如短痛，武统台湾绝不会比打抗美援朝战争困难大，死人多。要实现百年梦，第一就是武统台湾，这就是最核心利益，其它都次要的。,0,10,1583436901
65,6800813376856834061,邦交国不重要，就是零，对台湾又起到什么作用，又美国就够了，不要拿多少邦交国说事，发表我的《二岸统一对二岸同胞有那些益处，不统一会是什么结果》这篇文章吧，让台湾知道二岸统一的好处，和不统一的危险，,0,5,1583437763
66,6800755136370409479,我们一定要据理力争把道理给它们讲清楚、进透彻，让它们好好的反思一下，它们早晚会想清楚的！,1,5,1583424197
67,6800769676290162691,中美对抗的大背景下，不排除美国将来在台湾问题上做出更激烈的举动，以此逼迫中国作出激烈反应。其他牌中国都可以以静制动，唯有台湾问题静不了，不能让台湾独立。,0,38,1583427587
68,6800737527742464008,统一越晚困难越大。,0,64,1583420096
69,6800766001262034956,早日取回存美黄金，抛售美债归零！,0,23,1583426731
70,6800772893010821128,我们要把反美，阻碍美国发展作为最重要的问题去研究，并落实做到对美有利的事情不做，对美无利的事情都做，千万不要心存善念与虎谋皮。,0,39,1583428332
71,6800759902991302659,现在只能说同宗同源，哪有血浓于水？哪有俩岸一家？,0,37,1583425310
72,6800789040909303819,长痛不如短痛，时间越长事越多。,0,20,1583432102
73,6800830204178137103,中美关于台湾问题的三个联合公报被破坏，中美关系如何处理,0,33,1583441685
74,6800778428405727247,现在就不盯着台湾了，放弃幻想，准备战斗！！米国既然已经挑明了，咱们也别藏着掖着了～,0,9,1583429622
75,6800759102617436175,是时候庄重宣布:在必要的时刻，中国将优先使用核武器对触碰我红线的敌人进行打击！,0,14,1583425120
76,6800758314176413711,美台各怀心腹事，但都是痴心妄想！十四亿中国人民捍卫国家主权的信心、决心是任何力量也阻挡不了的！,0,25,1583424937
77,6800884805786419200,断交前，先把美债抛玩，黄金拉回来,0,11,1583454388
78,6800805832385642504,就是美台形成邦交又如何，时候未到，到了就自然收回。,0,15,1583436005
79,6800768351280578573,台湾向穷途未路滑下去谁都阻档不了，死路一条。,0,38,1583427275
