﻿,id,comment_text,reply_count,digg_count,creat_time
0,6731990064039133188,毛主席的论持久战，用到这很合适,0,2006,1567413584
1,6732211427891298315,中美贸易战这么久地，对百姓生活而言，什么都还是平常的样子，没啥感觉。支持祖国!中国加油![加油][加油][加油],8,100,1567465126
2,6731980190735499276,中美贸易战刚开始的时候中国很多人还提心吊胆，一年后的今天中国人已经无感了。,0,985,1567411285
3,6732218075720105997,"30年前，特朗普在一次电视採访中，就扬言要对中国打″贸易战""。虽然，过去了20一30年，特朗普终于如愿以偿地当上了美国总统，但中、美的贸易战，他不可能停止也不可能取消。这是他骨子里的灵魂！",0,44,1567466673
4,6732000779772854276,贸易战让中国变的更自信，让我们更团结一心，为我们伟大名族复兴添砖加瓦！,0,447,1567416078
5,6731990906159333380,已经无感了。说到底，靠实力说话！以前出口为创汇，现在出口无非为保就业而已，就业稳住，就不怕老美折腾！,0,319,1567413780
6,6732228070012747789,感觉在当前阶段，中美高关税对中国并非百无一利。多个高技术产业，比如芯片，人工智能，都处于关键成长期，中美关税至少可以暂时确保平稳的国内市场免于美企的激烈竞争。,0,35,1567469001
7,6731993125830574088,特朗普真的没有做好和中国打贸易战的准备，他应该是为了颜面硬挺下去，等待他的后任去缓解与中国的关系。美国和中国玩硬的就没占到便宜包括战争。,0,430,1567414296
8,6732087473272848392,美国人不明白什么叫一鼓作气，再而衰，三而竭！一年了，一惊一乍，出尔反尔，老特不累，我们看着都累。自己干好自己的事，比啥都强,0,176,1567436263
9,6732013958733758472,当年一穷二白都没怕过，更何况如今乎,0,171,1567419148
10,6732231056915087372,美企，美商品退出中国市场，这打击了谁？让出中国市场必然会有人来替代，国产替代或其他国家替代，从国际贸易来说对其他国家可能还是利好。在反复锤炼中，中国会进步得更快，更好！,0,28,1567469696
11,6732130937704169486,默克尔将访华，达成的贸易额产生的效果将远远超过美国发起的贸易战之额，让特朗普去想一想吧！,0,46,1567446400
12,6732036415195971588,中美贸易战已经一年多了，咱中国人适应能力相当了得，特郎用尽了他那套恐吓手段，可中国政府和中国人民一点惊慌的感觉都没有，特郎普的行为就像个小流氓在大人面前耍赖。,0,56,1567424374
13,6732110515734544396,怎么没感觉到贸易战给我们带来到什么影响呢？,0,53,1567441632
14,6732024436792246280,勒紧裤带共度时艰，全民打一场中美经济自卫战争，这是中国梦必须跨过的一道坎。,0,101,1567421585
15,6731988229391810574,任凭风浪起，我自闲庭信步。,0,180,1567413156
16,6732008960763199499,战争都没带来胜利，美国妄想从谈判桌上谋得利益，简直是痴心妄想,0,94,1567417983
17,6732228691885096974,如果所有的国人都知道不买美国货，不买美国超市商品，全中国人民公建经济长城，打赢经济账就更不在话下！,0,14,1567469144
18,6731995784591785988,贸易战坏事变好事,0,148,1567414916
19,6732054813041164299,特朗普政府的极限施压，恰恰暴露了美国的黔驴技穷，与美国形成鲜明对比的是中国运筹帷幄的沉稳应对，特朗普竭嘶底里的疯狂讹诈，在东方大国的眼中不过都是浮云而已。,0,44,1567428657
20,6732164006612287496,如果美国提出要所有企业离开中国，中国也要提出所有在世界各地的美企（不管是否与其它国合资）的产品进入中国也要提高关税。,0,14,1567454123
21,6732207691407572999,特朗普现在是骑虎难下，进退两难。唯一给他台阶下的就是明年大选失败！,0,16,1567464255
22,6732075243856805892,战争尚未胜利，同志仍须努力！,0,38,1567433415
23,6732214015688540172,呵呵，不靠谱就是生意人！翻手就是雨，明天或许就全部取消关税！恢复至从前了啊！会震惊世界舆论的……[我想静静],0,14,1567465729
24,6732093475200434189,美国特朗普总统缺乏对当前世界的深刻了解！中国人民草根的想法和国家相当的一致：“奉陪到底”,0,24,1567437662
25,6732015522554298382,说实话贸易战刚开始时我还每天在网上把贸易战的话题的看一遍，后来慢慢的就不关注了，现在要不是时不时冒出一个贸易战的新闻，都已经忘了还有这回事了,0,48,1567419510
26,6732030347158454285,当特朗普的关税施压伤害的是美国人自己的时候，美国人应该会换一个总统来撤回这些关税的。,0,17,1567422962
27,6732029653860679687,中国的市场足够大，有没有美企一样过。,0,30,1567422800
28,6732212588232949771,中国人上演绝地求生，再等一个绝地反击的最佳时机,0,8,1567465397
29,6732178097040408583,我们可以天天吃红薯冲击，你们美国人不行,0,7,1567457381
30,6732139854605746187,东方巨人不怕压，川普心中也害怕。中方持久可打胜，川普宝坐摇晃动。,0,8,1567448479
31,6732170359871111176,美国在我们眼里也是无足轻重。,0,9,1567455596
32,6732072477809278990,特朗普用这种手段做生意，想来是很成功的，但，常年玩水，早晚湿鞋，这个谚语可不是随便说说，我觉得特朗普将遭遇滑铁卢,0,12,1567432770
33,6732233547711119371,因为中国有句老话：以不变应万变。你一天一个变，哪里有空跟着你转。你自己转去吧,0,13,1567470276
34,6732010797901856776,中国加油，和美国打贸易战全国人民出钱出力。,0,25,1567418411
35,6732046808513855499,"伟大的中国，势不可挡！有十四亿中国人民万众一心，没有任何困难能阻挡中国前进的步伐！
[赞][赞][赞][赞][玫瑰][玫瑰][玫瑰][玫瑰]",0,28,1567426794
36,6731992257022885895,处变不惊好，但也要就地反击。,0,57,1567414095
37,6731989651244466189,逐步拋美债吧，不抛，以后川普会不认帐的。,0,52,1567413489
38,6732229489243357197,中国最大的后盾就是国内的消费群体！,0,5,1567469330
39,6731976035795075086,中国应该极限施压美国，把谈判门槛提高。特朗普不哭不谈判,0,160,1567410318
40,6732238871725785095,进攻的一方开始都强，但没一定就胜。,0,5,1567471516
41,6732154299599601675,中国人的家国情怀，老美怎么会懂！,0,7,1567451845
42,6732281682244124680,九月一日中国贸易代表团没去美国，大👍！这就是个信号，硬怼到底！打得一挙开，免的百挙来。贸易战打到此时，只能硬下去，任何妥协都后患无穷。坚决挺政府！,0,4,1567481481
43,6732310836332052484,美国发起的贸易战，虽然我们不希望，但还是来了，来与不来只是时间问题，来了正好，早来比迟来好，给我们敲了警钟，我们正好可以重新审视发展战略和产业布局，不能奢求，不抱幻想，自力更生、自强不息才是立国之本。,0,2,1567488269
44,6732278678275407886,这是我一个平凡人的周末生活，刚回公司开了场会，又和公司的同事们聚了两场，还有一场公司的夏季大聚餐做团建，海鲜烧烤，领导们下达秋季指标，给奖励。第二天又见了两个很好的朋友，团建累了做正规按摩188，又去吃的烤羊腿，坐高铁回家，刚才又在研究到底是吃牛肉还是涮羊肉呢？一月六七千，生活也挺仙[大笑]。我相信会看到中国打败美国那一天的，什么台湾，香港那些跳梁小丑，我们普通人都懒得去搭理他们，反正生活没有变差，一天天还会变好,0,5,1567480782
45,6732269382334595086,特朗普如果不收手将会加速美国衰落，因为中国底气很足，不可能妥协，一直耗着美国绝逼耗不过我们。,0,4,1567478618
46,6732279843599810573,不挑战，不惧战，稳住、淡定、坚持就是胜利。,0,3,1567481054
47,6732306979429810187,不好过也得过。那么困难的时候我们的父辈们都能挺过来，这点算什么？！,0,1,1567487372
48,6732285102162264076,伟大的中华民族精神！,0,1,1567482277
49,6732275999993675779,中国对美贸易只占出口总量的10%稍多点，即使全部归零对中国大经济影响都有限，何况大部分产品本身就是美国刚需，不可能归零！,0,1,1567480158
50,6732276808899215374,美国处惊不变[呲牙],0,1,1567480348
51,6732268556732022792,贸易站该打就打，反正本人没买过美国任何产品,0,3,1567478426
52,6732288263668826120,就别说国家了，连我这种小老百姓都习以为常了，不吃美国那一套。,0,4,1567483013
53,6732277236663336971,贸易战再打十年，到时候世界会惊奇的发现：中国崛起了，而美国没落了！,0,1,1567480446
54,6732240665700696077,制裁美国，就是控制稀土，不准出口。,0,2,1567471933
55,6732299753549938699,我们的生活充满阳光，感谢商务部，CC丅V和所有打贸易战作出贡献的中国人。,0,1,1567485689
56,6732300049206099982,中国反而通过贸易战提升自己各方面的经济发展质量。这叫“顺时而动顺势而为顺其自然”。难道不是一件好事？所以，贸易战打个十年八年，那是美国强加给我们的。难道不是。,0,1,1567485756
57,6732317059730472974,归根结底，是中国人民耐压力。懂的自然懂。,0,1,1567489719
58,6732281438894620685,美国这一招对中国，根本不起作用。,0,2,1567481425
59,6732265095772700686,以前的朝鲜战争我们争的是生存权，而这次我们争的是发展权，这次我们更有底气更有信心赢他。,0,2,1567477621
60,6732272476468150276,中国人什么没经历过川普小心自己下课,0,1,1567479338
61,6732287607575363597,特朗普没有参透孙子兵法,0,2,1567482861
62,6732274698459250692,中国人民是怕理，而不是怕力。,0,2,1567479855
63,6732286308041539597,处变不惊，儒家思想,0,1,1567482559
64,6732279651722477581,美国没有牌了，我们的牌还多得很,0,2,1567481006
65,6732304199902035976,中国已是沉稳成熟的大国风范,0,1,1567486724
66,6732259432920809486,再坚持两天，美国就倒闭了！,0,1,1567476301
67,6732304904092188684,美国退出中国，国产日本欧洲立马顶上，没了美国世界都不转了一样,0,1,1567486888
68,6732321469038723075,中国又胜利了,0,1,1567490746
69,6732284786737987591,去年三月份贸易战刚刚开始，我正在和朋友贩卖钢材，对我们这个行业冲击力很大，在几个月中也非常不稳定，没有按照前一年的规律来，后来朋友把厂子卖了，但是当我从事其他行业后就没有任何感觉了。,0,1,1567482204
70,6732287488993935371,宁愿吃贵一点的肉，或者吃素，也不进口美国肉,0,1,1567482834
71,6732256355111452683,成长也需要一个相当的陪练对手[赞],0,1,1567475585
72,6732260290777726983,论持久战～～我们是祖宗,0,2,1567476501
73,6732269347206987788,中国太极了解一下,0,1,1567478610
74,6732297345821818887,纸老虎，毛主席说的,0,1,1567485127
75,6732296884985151491,生活还在继续，一天三餐其实也很好,0,1,1567485020
76,6732269192106016776,继续打，让美国完旦,0,1,1567478574
77,6732268182734372872,这一年来，只不过让中国变得更自信和更有底气！哈哈哈哈！,0,1,1567478339
78,6732285816196136972,打打更健康,0,2,1567482444
79,6732296209157029891,抗击美帝……打击美帝……从来都没有输过,0,1,1567484863
