﻿,id,comment_text,reply_count,digg_count,creat_time
0,6808720392828764175,要反其道而行之，美越是保护台湾邦交，大陆就越要挖掉其邦交，若美因与台断交而减少援助，大陆就增加援助！,0,977,1585278753
1,6808712309746876416,全球抗疫关键时刻，美国疫情跃至全球首位，美国政府乱华亡华之心死性不改。落井下石，我们是不是也该在美国危机时刻很用一下。只有把全世界的肿瘤挖除，世界才能安宁。,0,3009,1585276872
2,6808711446768713739,美国拿“台北法案”恐吓、阻止相关国家与中国发展正常国家关系，全然是将美国霸权凌驾于他国利益，以强权政治凌驾于国际关系准则，毫无道德可言。,0,481,1585276672
3,6808711206099075084,疫情冲淡了台湾问题的严重性，我们应该保持高度警惕！,0,468,1585276615
4,6808713061592334347,看起来美国就是要和中国人民为敌，台湾死心独立，我们要丢掉幻想，不和他们啰嗦，一心对台湾备战，适当时机一举攻台。,0,811,1585277048
5,6808721052869885966,不要抱任何幻想，既然形成了法干涉中国内政，阻碍解放台湾，是非常严重的，我们要丢掉幻想，全力以赴，准备战斗。,0,356,1585278906
6,6808711327821987847,还有此等精力，说明老美新冠疫情拐点远没到来（不全力以赴，新冠就让你改变人生）,0,221,1585276641
7,6808715288167759887,美军舰驶入高雄之日，定是我解放军收复台湾之时。作为一名中国公民，华夏子孙，捍卫民族尊严，国家主权统一，造福万代，我愿为此奉献自己的生命。,0,395,1585277564
8,6808710338314928143,疫情当前，美国还是不忘转移视线，这是危险的一步，可怜的湾湾,0,293,1585276413
9,6808711057406967811,坚决反对，以其人之道还治其人之身。在外交上军事上打掉他们的幻想！,0,149,1585276580
10,6808710755983523851,转移国内积压矛盾，老招重谈,0,126,1585276511
11,6808716828249079823,放弃和平统一幻想，做好备战准备,0,126,1585277923
12,6808720900000268295,该派遣军机进行穿越岛空的演练了，紧箍咒要念得更密集一点才行：绕岛巡航、越过中线、穿越岛空、飞弹过空、夺取外岛、封锁海域、空域清理、全面封锁、武力攻台！,0,107,1585278871
13,6808727573569814543,93岁津巴布韦总统被问到：“如果时光能倒流，您最希望做什么？”穆加贝答：“我想回到1945年，找到特朗普的父亲，并送给他一个避孕套。”[呲牙][呲牙][呲牙],0,180,1585280425
14,6808711141268029455,开始为转移矛盾做准备了,0,102,1585276599
15,6808711553362165763,在此特殊时期，应该旗帜鲜明地指出这是赤裸裸的干涉中国内政，阻碍我国统一，所以一切抗疫物资都不得出口美国,0,183,1585276695
16,6808714459633909773,送特朗普一句话：大国风范，低头不可耻。,0,45,1585277371
17,6808722399392333836,抛弃一切幻想，这是一场你死我活的斗争！时刻准备着为祖国而战！,0,91,1585279222
18,6808716565841395726,美国真的不配汉字“美”。建议发起正名，所谓“United States of America，（美国）”，中文译名应中性，不赋予褒贬意义，不适用褒贬词语。建议翻译为“迈瑞国”。,1,60,1585277861
19,6808713326429437952,必须时刻警惕并牢记：帝国主义亡我之心不死！,0,84,1585277108
20,6808717930520608780,警惕美帝。丢掉幻想，应做好一切准备,0,40,1585278181
21,6808714895924658191,美国的台北法案，我们不必太在意，也不要把它当回事。它阻挡不了中国的统一决心，做我们想做的事。,0,78,1585277473
22,6808710972392833032,天要下雨，娘要嫁人，关键自己要硬。做好充分准备，不要心存侥幸。,0,66,1585276559
23,6808711399456784396,不管美国通过什么法案，一旦触发中国的《反分裂国家法》，后果自负。收复台湾的时间、方式完全在中国掌控之中，任何抵抗祖国统一的势力都会被消灭,0,73,1585276660
24,6808726774626385933,应降低同美国的外交关系，抛售美债。加强发展国家科技科研投入，加快国内经济生活物资生产，发展军工开放民营投资。建立国家同盟关系！,0,51,1585280238
25,6808721048092753935,我们必须加强军力建设，加大军事投入，加紧军工研发，只有我们军力足够强大了，才有底气对美国说不,0,43,1585278906
26,6808719067135524879,中国应该也签署一个《美国从此被列为中国的一个直辖市》法案！,0,39,1585278445
27,6808711568453976078,历史证明没有兵领成下那来和平，马上出兵解放台湾完成最后任务。,0,38,1585276698
28,6808712554895343624,特朗普：防疫是不可能防疫的，只能搞搞矛盾转移的小技俩了😈,0,37,1585276927
29,6808719203932782599,收复台湾宜早不宜迟！越早损失越小！,0,34,1585278475
30,6808712612948983823,这是竭斯底里啊！病毒已经高居第一了，并且还有很大发展潜力，还是把心思放在国内救人吧。这时候做这样的事情就是不自信的表现，恼羞成怒又没有别的办法,0,37,1585276942
31,6808711924235780111,美帝近期会频繁找茬转移国内矛盾，不要上当，趁它病要它命，趁这个档口拉拢欧盟，提高实力。,0,94,1585276782
32,6808713714611617804,世界上叫不醒的是装睡的人 “超级大国”在磨刀霍霍准备下手 别一相情愿了 做好自己的事 准备战斗 既然不愿看到中国的和平崛起 那么我们就做一个合格的对手！,0,69,1585277199
33,6808719670976233486,中国人民要提高警惕，一定要有危机感，不能麻痹大意，轻敌，时刻准备着着，对美帝国主义不能报任何幻想。,0,59,1585278584
34,6808719994432782336,不要把敌人想得太无知了，等回过神来就太迟了，别人不惹我，我不惹别人，我要办法一下就拿下，不要给那些无理取闹的家伙喘气的机会，我支持 打,0,16,1585278660
35,6808722941665869837,中国也出一个法案，反出，击美国，比如支持伊郎，古巴，委内委拉等内容接近的法案等反击美国。,0,30,1585279346
36,6808744152772820996,长疼不如短痛，今日之中国远胜抗美援朝之九州！何惧之有？如不趁早，后患无穷！,0,29,1585284286
37,6808711490112798731,美国与中国，一山不容二虎，不应该对美国心存幻想！,0,53,1585276682
38,6808711314681167879,特朗普：保护好台湾这台提款机，如果提款机提不出钱，只要用力踢它几下，准出，特灵,0,26,1585276638
39,6808722561237876749,“千法万法”不敌中国“统一法”！魔法世界也不能阻挡:中华一统！,0,27,1585279257
40,6808746784958316551,乘此时机武统台湾。@中国政府网,0,28,1585284897
41,6808714808943607821,我们也应该出个《华盛顿治安管理法》《纽约城市管理规定》，并协助印第安人争取民族独立。,0,64,1585277452
42,6808725374601068547,美国做的最挣钱的两件事，纸变成美元及国债；纸变成法案！[捂脸][捂脸],0,24,1585279914
43,6808711643125235725,封锁台湾岛，设立海上检查点，对台湾进出货物进行临检,0,23,1585276715
44,6808716081063804940,美国这个时候还不忘添堵捣乱，可见狼子野心，毒蛇本性是不会改变的！天亡美帝，坐观其乱，不要帮他！,0,24,1585277751
45,6808721102240595971,现在是台湾回归祖国的最好时机，直接对台湾全面封锁，趁🇺🇸疫情泛滥之时，放手和忒浪脯干一场。,0,22,1585278919
46,6808711910004326404,非常时期趁美国新冠爆发分身乏术之机，迅速整合国内资源力量对台湾发起雷霆一击，必须把台湾境内有威胁性武器，全部打跨！争取首轮导弹饱合,0,20,1585276779
47,6808710998191964164,鱼照鱼，虾找虾。乌龟王八是一家,0,19,1585276567
48,6808721497294340099,才知道台湾发行的是《中国时报》，不是《湾湾时报》。本质还是承认自己是中国的[捂脸][捂脸][捂脸][捂脸],0,16,1585279012
49,6808715543097606157,美提示台：该交保护费了！,0,16,1585277623
50,6808711731381223432,美国从阿富汗撤军，未来可能在台海开辟战场，阻击中国发展肯定是美国最重要的事了。不要再抱有和平的希望了,0,17,1585276736
51,6808722011738275853,这就是所谓的美国式正义，没有他们的手伸不到地方，只希望祖国越来越强大，无人敢范！,0,16,1585279129
52,6808712685619347471,其实也不能小看美帝的邪恶用心与手段，我们一样要做好准备，随时可以反制与战斗。,0,15,1585276959
53,6808714795953913871,美国的第三波挑事策略，我大中国要淡定应对！贼人之心路人皆知，最好的方法就是出动我万艘渔船封岛，我方潜艇第三岛链做好万全之策。,0,14,1585277450
54,6808711598124548111,战舰加紧台湾海峡巡逻，战斗力穿插飞越宝岛，火箭军一级响应！,0,19,1585276706
55,6808726407045988364,虚张声势而已！目前我们只是需要斗而不破的战略局面，真要到了要撕破脸时候，美国又奈我何？,0,15,1585280155
56,6808719457490993165,“洛杉矶法案”应该考虑出台了，不能让洛杉矶寻求自由的人民在国际上得不到帮助啊。,0,12,1585278535
57,6808712662034776064,泥菩萨过河，自身难保了，特朗普先生还有心捣鼓这些事吗？中国不应该他玩的这些套路，他们现在已经火烧眉毛，我们不给他们添材加火，已经满对得起他们了。个人建议，特朗普先生，你还是把心事先放在现在的疫情上吧。,0,14,1585276954
58,6808712479565365261,看来美国新冠还是不够严重，他们还是有精力到处捣乱嘛,0,15,1585276910
59,6808713214684594183,"提高警惕，准备打仗。
总要拿出点实际行动。",0,12,1585277081
60,6808925678483046400,疫情之下还有此等闲心，当新冠肺炎在美国造成2万人以上死亡时，川普该怎么向民众交待？,0,0,1585326551
61,6808899138026569743,迟早一战,0,0,1585320371
62,6808722381252067328,"一个国家，和一个人是一样的。每个人用各种手段，达到自己的目的。有些人用各种办法赚更多的钱。有些人用各种办法提高自己的地位。
美国人的天性就是，把别人的财富转化为自己所有。看到哪个国家富裕，到处制造混乱。用尽一切手段挑起战争。
我们对付美国要用。刚中带柔。柔中带刚，刚柔并用的办法把它拖垮。一旦实际成熟，多国合作，打掉这个饿狼。绝对不能打，无把握之仗。虽然我们是大国，但是我们还有很多不足的地方。团结就是力量。打掉美国纸老虎。",0,3,1585279216
63,6808712037586567172,长疼不如短痛，今日之中国远胜抗美援朝之九州！何惧之有？如不趁早，后患无穷！,0,629,1585276809
64,6808712568543379469,不要过分关注他，美国现在就像一个青春期的小孩，其早已失去目标和方向，曾经的辉煌和宠爱正在散去，迷茫之中不知何去何从，怀念过去，却只能以臆想自我安慰，而身边中俄两个同学虎视眈眈，往日的小伙伴又被自己得罪了个遍，日渐疲惫却又无法甘心，只好调皮一下、捣乱一下，以吸引更多注意力，寻找一下存在感。对付美国，空谈无用，只有实干，实干兴邦，然后美国就知道这个世界除了自己还有别人可以做老大。,0,16,1585276930
65,6808714285847052288,若要使其灭亡，必先使其疯狂。美国太需要一场对外战争来掠夺资源并巩固自身地位了，中国则是最好的目标，台湾则是最好的借口。而直接面对中国战损实在不可估量，只有不断的挑拨两岸对立，甚至战争，让中国不断消耗自己。最后出出手，才能坐收渔利。,0,3,1585277332
66,6808723420063596557,早该启动《反分裂国家法》了。,0,217,1585279457
67,6808718389435973647,北京时间8:18北京时间8:18更新美国确诊：85088例，美国加油，你永远第一,0,3,1585278287
68,6808718180207378440,“不就是抹布一条，要用时拿出来擦一擦，不用时洗不洗都不知道。”[泪奔][泪奔][泪奔],0,6,1585278237
69,6808712808353611783,特郎普：赶紧给我缴费吧！缴点是点！,0,2,1585276987
70,6808721922789294080,川普：对呀不制造恐慌我能卖出过气的武器吗，家族企业怎么赚钱！,0,0,1585279109
71,6808712484624203784,签就签吧。民航局不是已经缩减国际航班了吗？这个时候运货的也少了，仓位也少了，运费怎么着也得涨点吧？前几天到孟买还150一公斤呢，到美国怎么也得500一公斤吧？再少都不好意思说支援美国抗疫了吧？,0,8,1585276911
72,6808712820742717448,中美三个联合公报名存实亡。形同虚设。但尚有可用之处。为我所用而已。对美已无压缩力。,0,18,1585276989
73,6808714716975120396,病已致深，需要治疗，动动手术了,0,0,1585277433
74,6808717597710745615,就算狼来了上演无数次，我们依然要警惕,0,3,1585278102
75,6808713434574635022,统一台湾迫在眉睫，不要再犹豫了。天上不会掉馅饼的。,0,19,1585277132
76,6808721113896910863,在美国人的内心深处根本不将一个中国当作一回事，我们千万不要麻痹大意，总以为美帝只是从利益着想，那就会大错特错，要丢掉幻想，准备战斗！,0,17,1585278921
77,6808721039507079176,现在国家出个公告，二十四小时收复台湾和所有海焦。,0,23,1585278903
78,6808720288223166477,必须做好战争准备，只有能战，方能止战！！！,0,3,1585278728
79,6808712067328589839,机会难得，动手统一。,0,13,1585276815
